"죄종별(1)",죄종별(2),죄종별(3),2019,2019,2019,2019,2019,2019,2019,2019,2020,2020,2020,2020,2020,2020,2020,2020,2021,2021,2021,2021,2021,2021,2021,2021
"죄종별(1)",죄종별(2),죄종별(3),발생건수 (건),검거건수 (건),발생건수 대비 검거건수 (%),검거인원 (명),남자검거인원 (명),여자검거인원 (명),불상검거인원 (명),법인체 (개),발생건수 (건),검거건수 (건),발생건수 대비 검거건수 (%),검거인원 (명),남자검거인원 (명),여자검거인원 (명),불상검거인원 (명),법인체 (개),발생건수 (건),검거건수 (건),발생건수 대비 검거건수 (%),검거인원 (명),남자검거인원 (명),여자검거인원 (명),불상검거인원 (명),법인체 (개)
"총계",소계,소계,1611906,1342854,83.3,1749015,1273899,347112,128004,12620,1587866,1289129,81.2,1684367,1212094,329160,143113,11983,1429826,1136665,79.5,1360405,1002380,278825,79200,10317
"강력범죄",소계,소계,26476,25507,96.3,29462,27833,1333,296,2,24332,23556,96.8,27491,25862,1359,270,3,22476,21294,94.7,23305,22074,1095,136,1
"강력범죄",살인기수,소계,297,299,100.7,362,265,82,15,-,308,299,97.1,349,258,85,6,-,270,261,96.7,321,234,83,4,1
"강력범죄",살인기수,살인,225,226,100.4,257,206,48,3,-,252,245,97.2,284,213,65,6,-,204,196,96.1,245,187,54,4,1
"강력범죄",살인기수,영아살해,7,7,100.0,7,-,7,-,-,5,5,100.0,6,1,5,-,-,5,5,100.0,5,-,5,-,-
"강력범죄",살인기수,존속살해,35,36,102.9,45,28,10,7,-,28,27,96.4,35,27,8,-,-,26,27,103.8,27,24,3,-,-
"강력범죄",살인기수,촉탁·승낙살인,1,1,100.0,1,1,-,-,-,1,1,100.0,1,1,-,-,-,2,1,50.0,9,5,4,-,-
"강력범죄",살인기수,자살교사·방조,26,26,100.0,47,26,16,5,-,19,18,94.7,20,13,7,-,-,25,24,96.0,26,12,14,-,-
"강력범죄",살인기수,위계·위력·촉탁·승낙살인,1,1,100.0,1,-,1,-,-,-,-,-,-,-,-,-,-,-,-,-,-,-,-,-,-
"강력범죄",살인기수,특가법(보복살인등),2,2,100.0,4,4,-,-,-,3,3,100.0,3,3,-,-,-,3,3,100.0,4,4,-,-,-
"강력범죄",살인기수,아동학대처벌법(아동학대살해),-,-,-,-,-,-,-,-,-,-,-,-,-,-,-,-,5,5,100.0,5,2,3,-,-
"강력범죄",살인미수등,소계,482,481,99.8,534,459,70,5,-,416,406,97.6,472,378,79,15,-,388,380,97.9,421,348,63,10,-
"강력범죄",살인미수등,살인,439,437,99.5,482,423,54,5,-,365,356,97.5,400,328,57,15,-,343,336,98.0,364,308,46,10,-
"강력범죄",살인미수등,영아살해,1,1,100.0,1,-,1,-,-,1,1,100.0,1,-,1,-,-,3,3,100.0,4,2,2,-,-
"강력범죄",살인미수등,존속살해,30,30,100.0,31,24,7,-,-,31,30,96.8,35,23,12,-,-,25,25,100.0,25,20,5,-,-
"강력범죄",살인미수등,촉탁·승낙살인,-,-,-,-,-,-,-,-,1,1,100.0,1,1,-,-,-,1,1,100.0,1,-,1,-,-
"강력범죄",살인미수등,자살교사·방조,10,11,110.0,18,11,7,-,-,18,18,100.0,35,26,9,-,-,16,15,93.8,27,18,9,-,-
"강력범죄",살인미수등,위계·위력·촉탁·승낙살인,2,2,100.0,2,1,1,-,-,-,-,-,-,-,-,-,-,-,-,-,-,-,-,-,-
"강력범죄",강도,소계,798,801,100.4,1376,1197,165,14,-,663,658,99.2,1258,1047,177,34,3,495,487,98.4,766,654,100,12,-
"강력범죄",강도,강도,127,129,101.6,135,117,17,1,-,110,108,98.2,106,91,15,-,2,86,86,100.0,83,71,11,1,-
"강력범죄",강도,준강도,75,77,102.7,80,71,9,-,-,77,77,100.0,85,70,15,-,-,61,60,98.4,65,52,13,-,-
"강력범죄",강도,특수강도,316,312,98.7,548,482,58,8,-,234,233,99.6,527,431,71,25,1,169,164,97.0,293,244,43,6,-
"강력범죄",강도,준특수강도,5,5,100.0,8,7,1,-,-,2,2,100.0,2,2,-,-,-,2,2,100.0,2,2,-,-,-
"강력범죄",강도,강도상해·치상,233,235,100.9,558,475,79,4,-,209,211,101.0,487,409,73,5,-,149,146,98.0,289,252,32,5,-
"강력범죄",강도,강도살인·치사,22,22,100.0,29,28,1,-,-,19,16,84.2,22,21,1,-,-,16,16,100.0,18,17,1,-,-
"강력범죄",강도,해상강도(살인·치사·상해·치상),-,-,-,-,-,-,-,-,-,-,-,-,-,-,-,-,-,-,-,1,1,-,-,-
"강력범죄",강도,인질강도,2,1,50.0,3,2,-,1,-,5,4,80.0,20,15,2,3,-,-,-,-,-,-,-,-,-
"강력범죄",강도,강도강간,10,11,110.0,10,10,-,-,-,5,5,100.0,6,5,-,1,-,8,9,112.5,11,11,-,-,-
"강력범죄",강도,(특수·인질·해상)강도(상습),-,-,-,-,-,-,-,-,-,-,-,-,-,-,-,-,-,-,-,-,-,-,-,-
"강력범죄",강도,특가법(강도),7,7,100.0,4,4,-,-,-,2,2,100.0,2,2,-,-,-,2,2,100.0,2,2,-,-,-
"강력범죄",강도,특가법(강도상해재범),1,2,200.0,1,1,-,-,-,-,-,-,1,1,-,-,-,2,2,100.0,2,2,-,-,-
"강력범죄",강간,소계,5310,5197,97.9,6230,6081,96,53,-,5313,5183,97.6,6243,6090,104,49,-,5263,4981,94.6,5695,5580,78,37,-
"강력범죄",강간,강간,2265,2215,97.8,2480,2432,29,19,-,2316,2253,97.3,2520,2457,44,19,-,2166,2032,93.8,2172,2131,31,10,-
"강력범죄",강간,강간(상습),2,2,100.0,1,1,-,-,-,4,4,100.0,4,4,-,-,-,-,-,-,-,-,-,-,-
"강력범죄",강간,준강간,1160,1135,97.8,1295,1276,9,10,-,1128,1102,97.7,1290,1275,9,6,-,1048,997,95.1,1099,1089,7,3,-
"강력범죄",강간,준강간(상습),2,2,100.0,2,2,-,-,-,1,1,100.0,1,1,-,-,-,-,-,-,-,-,-,-,-
"강력범죄",강간,강간상해·치상,328,326,99.4,345,338,5,2,-,274,265,96.7,304,296,7,1,-,283,274,96.8,295,290,3,2,-
"강력범죄",강간,강간살인·치사,-,-,-,-,-,-,-,-,2,2,100.0,2,2,-,-,-,1,1,100.0,1,1,-,-,-
"강력범죄",강간,미성년자간음(심신미약자),6,6,100.0,6,6,-,-,-,24,23,95.8,29,29,-,-,-,36,33,91.7,49,46,2,1,-
"강력범죄",강간,업무상위력에의한간음,27,26,96.3,38,37,1,-,-,32,32,100.0,37,36,1,-,-,24,23,95.8,30,29,1,-,-
"강력범죄",강간,친족관계에의한강간,116,110,94.8,122,117,5,-,-,118,110,93.2,123,122,1,-,-,143,138,96.5,144,143,1,-,-
"강력범죄",강간,장애인에대한강간·간음,350,338,96.6,410,401,3,6,-,368,359,97.6,448,434,3,11,-,309,283,91.6,332,323,6,3,-
"강력범죄",강간,청소년에대한강간·간음,598,589,98.5,735,720,12,3,-,555,547,98.6,729,705,20,4,-,492,469,95.3,524,508,14,2,-
"강력범죄",강간,미성년자의제강간,71,67,94.4,84,80,-,4,-,174,172,98.9,216,209,5,2,-,384,368,95.8,477,470,2,5,-
"강력범죄",강간,13세미만미성년자강간·간음,86,86,100.0,101,100,1,-,-,64,62,96.9,70,65,5,-,-,73,70,95.9,80,77,1,2,-
"강력범죄",강간,특수강간(준),207,204,98.6,511,472,31,8,-,162,163,100.6,364,352,8,4,-,166,159,95.8,342,328,8,6,-
"강력범죄",강간,주거침입강간,75,75,100.0,85,84,-,1,-,81,78,96.3,91,89,-,2,-,95,92,96.8,101,97,2,2,-
"강력범죄",강간,절도강간,-,-,-,-,-,-,-,-,-,-,-,1,1,-,-,-,1,1,100.0,1,1,-,-,-
"강력범죄",강간,특수강도강간,17,16,94.1,15,15,-,-,-,10,10,100.0,14,13,1,-,-,12,12,100.0,12,12,-,-,-
"강력범죄",강간,아동학대처벌법위반(상습강간·간음),-,-,-,-,-,-,-,-,-,-,-,-,-,-,-,-,-,-,-,-,-,-,-,-
"강력범죄",강간,16세미만아동·청소년간음,-,-,-,-,-,-,-,-,-,-,-,-,-,-,-,-,30,29,96.7,36,35,-,1,-
"강력범죄",유사강간,소계,782,768,98.2,908,875,25,8,-,823,796,96.7,959,902,43,14,-,814,783,96.2,843,818,22,3,-
"강력범죄",유사강간,유사강간,376,374,99.5,421,400,17,4,-,407,385,94.6,457,424,23,10,-,396,380,96.0,411,398,11,2,-
"강력범죄",유사강간,유사강간(상습),-,-,-,-,-,-,-,-,-,-,-,-,-,-,-,-,-,-,-,-,-,-,-,-
"강력범죄",유사강간,준유사강간,136,134,98.5,157,155,2,-,-,138,136,98.6,160,156,3,1,-,164,156,95.1,163,159,4,-,-
"강력범죄",유사강간,준유사강간(상습),-,-,-,1,1,-,-,-,-,-,-,-,-,-,-,-,1,1,100.0,1,1,-,-,-
"강력범죄",유사강간,유사강간상해·치상,17,15,88.2,19,19,-,-,-,40,41,102.5,45,43,2,-,-,14,14,100.0,16,15,1,-,-
"강력범죄",유사강간,유사강간살인·치사,-,-,-,-,-,-,-,-,-,-,-,-,-,-,-,-,-,-,-,-,-,-,-,-
"강력범죄",유사강간,미성년자의제유사강간,6,5,83.3,10,9,1,-,-,18,17,94.4,23,20,2,1,-,15,16,106.7,19,18,1,-,-
"강력범죄",유사강간,유사성행위,232,225,97.0,282,273,5,4,-,204,202,99.0,258,244,13,1,-,208,200,96.2,217,211,5,1,-
"강력범죄",유사강간,주거침입유사강간,14,14,100.0,15,15,-,-,-,13,12,92.3,13,12,-,1,-,16,16,100.0,16,16,-,-,-
"강력범죄",유사강간,절도유사강간,-,-,-,-,-,-,-,-,-,-,-,-,-,-,-,-,-,-,-,-,-,-,-,-
"강력범죄",유사강간,특수강도유사강간,1,1,100.0,3,3,-,-,-,3,3,100.0,3,3,-,-,-,-,-,-,-,-,-,-,-
"강력범죄",유사강간,아동학대처벌법위반(상습유사강간),-,-,-,-,-,-,-,-,-,-,-,-,-,-,-,-,-,-,-,-,-,-,-,-
"강력범죄",강제추행,소계,17120,16395,95.8,18216,17359,667,190,-,15344,14864,96.9,16649,15837,664,148,-,13962,13215,94.6,14030,13389,575,66,-
"강력범죄",강제추행,강제추행,11600,11163,96.2,12367,11716,524,127,-,11038,10708,97.0,11897,11230,564,103,-,9550,9117,95.5,9695,9173,482,40,-
"강력범죄",강제추행,강제추행(상습),11,11,100.0,12,12,-,-,-,25,25,100.0,22,20,2,-,-,20,20,100.0,18,18,-,-,-
"강력범죄",강제추행,준강제추행,785,767,97.7,829,815,8,6,-,723,715,98.9,833,819,11,3,-,684,669,97.8,715,698,14,3,-
"강력범죄",강제추행,준강제추행(상습),-,-,-,-,-,-,-,-,1,1,100.0,1,1,-,-,-,-,-,-,-,-,-,-,-
"강력범죄",강제추행,강제추행상해·치상,160,155,96.9,187,175,11,1,-,153,149,97.4,164,160,4,-,-,131,129,98.5,138,134,4,-,-
"강력범죄",강제추행,강제추행살인·치사,-,-,-,-,-,-,-,-,-,-,-,-,-,-,-,-,-,-,-,-,-,-,-,-
"강력범죄",강제추행,업무상위력등에의한추행,236,234,99.2,273,255,18,-,-,291,285,97.9,323,309,13,1,-,369,359,97.3,373,369,4,-,-
"강력범죄",강제추행,친족관계에의한강제추행,284,281,98.9,318,314,4,-,-,300,299,99.7,336,333,3,-,-,300,286,95.3,303,299,4,-,-
"강력범죄",강제추행,장애인에대한강제추행·추행,371,361,97.3,429,412,13,4,-,349,346,99.1,426,409,13,4,-,321,305,95.0,335,320,14,1,-
"강력범죄",강제추행,청소년에대한강제추행·추행,1164,1130,97.1,1283,1235,38,10,-,800,781,97.6,881,853,22,6,-,841,814,96.8,869,837,28,4,-
"강력범죄",강제추행,미성년자추행(심신미약자),1,1,100.0,1,1,-,-,-,4,3,75.0,3,3,-,-,-,8,8,100.0,8,7,1,-,-
"강력범죄",강제추행,미성년자의제강제추행,28,27,96.4,34,33,1,-,-,24,26,108.3,36,36,-,-,-,39,35,89.7,38,37,1,-,-
"강력범죄",강제추행,13세미만미성년자강제추행·추행,846,808,95.5,892,848,22,22,-,667,644,96.6,743,713,17,13,-,677,631,93.2,652,623,17,12,-
"강력범죄",강제추행,공중밀집장소에서의추행,1429,1254,87.8,1309,1278,13,18,-,809,724,89.5,764,743,6,15,-,816,641,78.6,648,638,4,6,-
"강력범죄",강제추행,특수강제추행(준),44,44,100.0,112,99,12,1,-,25,25,100.0,75,68,6,1,-,36,35,97.2,69,67,2,-,-
"강력범죄",강제추행,절도강제추행,1,1,100.0,2,2,-,-,-,2,1,50.0,2,2,-,-,-,2,2,100.0,2,2,-,-,-
"강력범죄",강제추행,주거침입강제추행,158,156,98.7,164,161,2,1,-,128,127,99.2,133,131,-,2,-,145,141,97.2,145,145,-,-,-
"강력범죄",강제추행,특수강도강제추행,2,2,100.0,4,3,1,-,-,5,5,100.0,10,7,3,-,-,2,2,100.0,1,1,-,-,-
"강력범죄",강제추행,16세미만아동·청소년추행,-,-,-,-,-,-,-,-,-,-,-,-,-,-,-,-,21,21,100.0,21,21,-,-,-
"강력범죄",강제추행,아동학대처벌법위반(상습강제추행·추행),-,-,-,-,-,-,-,-,-,-,-,-,-,-,-,-,-,-,-,-,-,-,-,-
"강력범죄",기타 강간·강제추행 등,소계,325,326,100.3,504,487,14,3,-,237,235,99.2,358,340,17,1,-,238,238,100.0,276,268,5,3,-
"강력범죄",기타 강간·강제추행 등,강간등상해·치상,107,107,100.0,124,122,1,1,-,78,78,100.0,91,87,4,-,-,104,103,99.0,119,114,2,3,-
"강력범죄",기타 강간·강제추행 등,강간등살인·치사,2,2,100.0,2,2,-,-,-,2,1,50.0,2,2,-,-,-,3,3,100.0,3,3,-,-,-
"강력범죄",기타 강간·강제추행 등,친족관계에의한강간등,-,-,-,-,-,-,-,-,1,1,100.0,1,1,-,-,-,-,-,-,-,-,-,-,-
"강력범죄",기타 강간·강제추행 등,장애인에대한준강간등,18,18,100.0,20,20,-,-,-,14,14,100.0,20,19,1,-,-,1,1,100.0,2,2,-,-,-
"강력범죄",기타 강간·강제추행 등,청소년에대한강간등,112,111,99.1,244,231,12,1,-,91,89,97.8,171,161,9,1,-,77,77,100.0,91,90,1,-,-
"강력범죄",기타 강간·강제추행 등,미성년자의제강간등,-,-,-,-,-,-,-,-,-,-,-,-,-,-,-,-,-,-,-,-,-,-,-,-
"강력범죄",기타 강간·강제추행 등,13세미만미성년자강간등,25,24,96.0,53,51,1,1,-,20,19,95.0,39,36,3,-,-,15,15,100.0,17,17,-,-,-
"강력범죄",기타 강간·강제추행 등,주거침입강간등,39,39,100.0,36,36,-,-,-,25,25,100.0,24,24,-,-,-,27,28,103.7,32,30,2,-,-
"강력범죄",기타 강간·강제추행 등,절도강간등,-,2,-,-,-,-,-,-,-,-,-,-,-,-,-,-,1,1,100.0,1,1,-,-,-
"강력범죄",기타 강간·강제추행 등,특수강도강간등,22,23,104.5,25,25,-,-,-,6,8,133.3,10,10,-,-,-,9,9,100.0,9,9,-,-,-
"강력범죄",기타 강간·강제추행 등,성폭력범죄의처벌및피해자보호등에관한법률위반,-,-,-,-,-,-,-,-,-,-,-,-,-,-,-,-,1,1,100.0,2,2,-,-,-
"강력범죄",방화,소계,1362,1240,91.0,1332,1110,214,8,2,1228,1115,90.8,1203,1010,190,3,-,1046,949,90.7,953,783,169,1,-
"강력범죄",방화,방화,-,-,-,-,-,-,-,-,-,-,-,-,-,-,-,-,-,-,-,-,-,-,-,-
"강력범죄",방화,현주·공용건조물등방화,754,710,94.2,766,611,152,3,-,715,677,94.7,710,575,133,2,-,599,570,95.2,580,464,116,-,-
"강력범죄",방화,현주건조물등방화치상,31,31,100.0,32,23,9,-,-,21,20,95.2,24,17,7,-,-,14,13,92.9,11,8,3,-,-
"강력범죄",방화,현주건조물등방화치사,13,12,92.3,17,14,3,-,-,11,11,100.0,11,10,1,-,-,7,6,85.7,5,4,1,-,-
"강력범죄",방화,일반건조물등방화,406,346,85.2,346,310,35,1,-,363,299,82.4,326,287,38,1,-,296,238,80.4,232,202,30,-,-
"강력범죄",방화,자기소유건조물등방화,43,39,90.7,45,40,5,-,-,24,20,83.3,26,22,4,-,-,24,21,87.5,22,19,3,-,-
"강력범죄",방화,방화연소,17,13,76.5,16,14,-,2,-,18,13,72.2,11,10,1,-,-,15,12,80.0,15,12,3,-,-
"강력범죄",방화,진화방해,1,1,100.0,1,1,-,-,-,-,-,-,-,-,-,-,-,-,-,-,-,-,-,-,-
"강력범죄",방화,폭발성물건파열(치사·상),3,3,100.0,3,3,-,-,-,1,1,100.0,1,-,1,-,-,7,6,85.7,6,5,1,-,-
"강력범죄",방화,폭발성물건파열(과실),17,15,88.2,23,20,2,1,-,16,16,100.0,27,23,4,-,-,28,28,100.0,37,30,7,-,-
"강력범죄",방화,가스등방출(치사·상),16,16,100.0,16,13,3,-,-,12,11,91.7,13,12,1,-,-,14,14,100.0,13,11,1,1,-
"강력범죄",방화,가스등방출(과실),3,3,100.0,7,7,-,-,2,1,1,100.0,1,1,-,-,-,1,1,100.0,1,1,-,-,-
"강력범죄",방화,가스등공급사용방해(치사·상),14,8,57.1,13,12,1,-,-,3,3,100.0,3,3,-,-,-,4,3,75.0,3,3,-,-,-
"강력범죄",방화,가스등공급사용방해(과실),1,1,100.0,1,1,-,-,-,6,6,100.0,14,14,-,-,-,2,2,100.0,3,3,-,-,-
"강력범죄",방화,자동차방화,43,42,97.7,46,41,4,1,-,37,37,100.0,36,36,-,-,-,35,35,100.0,25,21,4,-,-
"절도범죄",소계,소계,186957,113673,60.8,104696,76112,26603,1981,6,179517,111246,62.0,102018,74014,26079,1925,10,166409,104013,62.5,87562,62135,24678,749,5
"절도범죄",절도,소계,165358,94148,56.9,80045,55838,22581,1626,5,158512,92084,58.1,77610,53649,22322,1639,10,148196,87672,59.2,69676,47331,21740,605,3
"절도범죄",절도(상습),소계,1070,1057,98.8,511,432,78,1,-,971,959,98.8,395,310,83,2,-,785,773,98.5,270,218,52,-,-
"절도범죄",특수절도,소계,11783,10717,91.0,19251,15299,3631,321,1,11772,10800,91.7,18967,15380,3334,253,-,9142,8153,89.2,13363,10635,2592,136,2
"절도범죄",특수절도(상습),소계,81,68,84.0,68,67,1,-,-,79,91,115.2,42,36,6,-,-,23,23,100.0,16,14,2,-,-
"절도범죄",야간주거침입절도,소계,6329,5552,87.7,3047,2834,197,16,-,5465,4848,88.7,2849,2612,217,20,-,5153,4509,87.5,2342,2155,180,7,-
"절도범죄",야간주거침입절도(상습),소계,122,120,98.4,26,25,1,-,-,105,104,99.0,23,23,-,-,-,109,109,100.0,22,21,1,-,-
"절도범죄",불법사용,소계,648,496,76.5,800,726,58,16,-,830,643,77.5,1149,1071,70,8,-,802,610,76.1,887,818,68,1,-
"절도범죄",불법사용(상습),소계,2,2,100.0,4,2,2,-,-,-,-,-,-,-,-,-,-,1,1,100.0,1,1,-,-,-
"절도범죄",특가법(절도),소계,1564,1513,96.7,944,889,54,1,-,1783,1717,96.3,983,933,47,3,-,2198,2163,98.4,985,942,43,-,-
"절도범죄",특가법(단체등의조직),소계,-,-,-,-,-,-,-,-,-,-,-,-,-,-,-,-,-,-,-,-,-,-,-,-
"폭력범죄",소계,소계,287913,252877,87.8,354679,286513,62294,5872,17,265768,230773,86.8,323392,260834,55917,6641,31,232661,200808,86.3,269443,217260,48866,3317,13
"폭력범죄",상해,소계,36858,35995,97.7,49496,41019,8250,227,1,32904,32042,97.4,44126,36475,7450,201,1,28453,27657,97.2,36006,29918,5979,109,-
"폭력범죄",상해,상해,36245,35393,97.6,48782,40448,8108,226,-,32299,31455,97.4,43438,35933,7305,200,1,27826,27064,97.3,35337,29379,5849,109,-
"폭력범죄",상해,상해(중),57,56,98.2,70,60,9,1,1,56,53,94.6,76,68,7,1,-,43,38,88.4,44,40,4,-,-
"폭력범죄",상해,상해(상습),27,25,92.6,26,26,-,-,-,21,20,95.2,21,20,1,-,-,17,16,94.1,22,17,5,-,-
"폭력범죄",상해,상해(상습중),-,-,-,-,-,-,-,-,1,1,100.0,1,1,-,-,-,-,-,-,-,-,-,-,-
"폭력범죄",상해,상해치사,49,50,102.0,58,50,8,-,-,43,43,100.0,56,48,8,-,-,35,33,94.3,38,35,3,-,-
"폭력범죄",상해,존속상해,346,344,99.4,408,313,95,-,-,315,312,99.0,352,268,84,-,-,341,335,98.2,371,292,79,-,-
"폭력범죄",상해,존속상해(중),1,1,100.0,1,1,-,-,-,4,4,100.0,4,4,-,-,-,1,1,100.0,1,1,-,-,-
"폭력범죄",상해,존속상해(상습),3,3,100.0,3,3,-,-,-,4,4,100.0,4,3,1,-,-,2,2,100.0,2,2,-,-,-
"폭력범죄",상해,존속상해(상습중),-,-,-,-,-,-,-,-,-,-,-,-,-,-,-,-,-,-,-,-,-,-,-,-
"폭력범죄",상해,존속상해치사,10,10,100.0,10,7,3,-,-,6,6,100.0,8,4,4,-,-,3,3,100.0,3,3,-,-,-
"폭력범죄",상해,특가법(보복상해등),31,32,103.2,43,38,5,-,-,32,30,93.8,35,29,6,-,-,34,34,100.0,44,31,13,-,-
"폭력범죄",상해,아동학대처벌법위반(상습상해),3,3,100.0,6,4,2,-,-,2,2,100.0,3,1,2,-,-,1,1,100.0,1,1,-,-,-
"폭력범죄",상해,특수상해,35,28,80.0,35,25,10,-,-,48,40,83.3,47,35,12,-,-,62,43,69.4,52,43,9,-,-
"폭력범죄",상해,특수상해(중),3,3,100.0,6,6,-,-,-,3,3,100.0,3,2,1,-,-,5,5,100.0,4,4,-,-,-
"폭력범죄",상해,특수상해(상습),2,2,100.0,2,1,1,-,-,7,7,100.0,12,11,1,-,-,6,6,100.0,6,4,2,-,-
"폭력범죄",상해,존속상해(특수·특수중),46,45,97.8,46,37,9,-,-,63,62,98.4,66,48,18,-,-,77,76,98.7,81,66,15,-,-
"폭력범죄",폭행,소계,157197,149461,95.1,204985,165610,37901,1474,-,139361,132352,95.0,180804,146285,33183,1336,-,115942,110292,95.1,146962,117598,28737,627,-
"폭력범죄",폭행,폭행,143008,135649,94.9,187768,151101,35273,1394,-,125345,118790,94.8,163807,132076,30505,1226,-,100137,94934,94.8,128450,102185,25702,563,-
"폭력범죄",폭행,폭행(상습),88,74,84.1,86,81,5,-,-,98,96,98.0,109,96,13,-,-,89,87,97.8,73,66,7,-,-
"폭력범죄",폭행,폭행치상,1518,1485,97.8,2032,1652,365,15,-,1458,1413,96.9,1955,1588,355,12,-,1457,1433,98.4,1860,1502,350,8,-
"폭력범죄",폭행,폭행치사,44,44,100.0,49,43,6,-,-,51,48,94.1,58,49,8,1,-,35,35,100.0,52,42,10,-,-
"폭력범죄",폭행,특수폭행,8037,7796,97.0,10087,8432,1594,61,-,7434,7133,96.0,9399,7765,1546,88,-,7542,7251,96.1,9180,7483,1644,53,-
"폭력범죄",폭행,특수폭행(상습),36,36,100.0,9,8,1,-,-,4,4,100.0,3,3,-,-,-,4,1,25.0,2,2,-,-,-
"폭력범죄",폭행,특수폭행치상,66,61,92.4,83,68,14,1,-,94,86,91.5,152,117,31,4,-,91,88,96.7,135,120,15,-,-
"폭력범죄",폭행,특수폭행치사,1,2,200.0,3,2,1,-,-,-,-,-,-,-,-,-,-,3,3,100.0,9,7,2,-,-
"폭력범죄",폭행,존속폭행,1602,1555,97.1,1952,1534,417,1,-,1765,1703,96.5,2060,1597,462,1,-,2026,1988,98.1,2409,1803,606,-,-
"폭력범죄",폭행,존속폭행(특수),28,28,100.0,30,23,7,-,-,50,48,96.0,57,44,13,-,-,87,88,101.1,94,71,23,-,-
"폭력범죄",폭행,존속폭행(상습),11,11,100.0,12,12,-,-,-,13,13,100.0,12,11,1,-,-,10,10,100.0,9,7,2,-,-
"폭력범죄",폭행,존속폭행치상,19,19,100.0,23,18,5,-,-,20,20,100.0,23,15,8,-,-,29,29,100.0,33,25,8,-,-
"폭력범죄",폭행,존속폭행치사,1,1,100.0,1,1,-,-,-,3,3,100.0,3,3,-,-,-,3,3,100.0,3,3,-,-,-
"폭력범죄",폭행,특가법(운전자폭행등),2587,2551,98.6,2703,2515,188,-,-,2894,2865,99.0,3041,2813,224,4,-,4259,4179,98.1,4464,4131,330,3,-
"폭력범죄",폭행,특가법(보복폭행등),68,67,98.5,68,55,11,2,-,46,45,97.8,43,40,3,-,-,85,83,97.6,79,68,11,-,-
"폭력범죄",폭행,특가법(보복범죄등),68,67,98.5,62,57,5,-,-,68,67,98.5,64,57,7,-,-,81,76,93.8,106,82,24,-,-
"폭력범죄",폭행,아동학대처벌법위반(상습폭행),15,15,100.0,17,8,9,-,-,18,18,100.0,18,11,7,-,-,4,4,100.0,4,1,3,-,-
"폭력범죄",체포·감금,소계,1243,1192,95.9,1702,1365,304,33,-,1209,1139,94.2,1762,1441,281,40,-,1165,1083,93.0,1571,1249,287,35,2
"폭력범죄",체포·감금,체포·감금,1039,995,95.8,1288,1049,209,30,-,988,928,93.9,1283,1043,218,22,-,896,819,91.4,1065,860,179,26,1
"폭력범죄",체포·감금,체포·감금(중),31,31,100.0,56,49,7,-,-,34,33,97.1,62,55,2,5,-,28,28,100.0,40,36,4,-,-
"폭력범죄",체포·감금,체포·감금(특수·특수중),67,65,97.0,154,100,53,1,-,70,66,94.3,186,158,20,8,-,81,79,97.5,184,141,36,7,-
"폭력범죄",체포·감금,체포·감금(상습·상습중),-,-,-,-,-,-,-,-,-,-,-,-,-,-,-,-,2,2,100.0,1,1,-,-,-
"폭력범죄",체포·감금,체포·감금치사상(중·특수·상습),88,83,94.3,176,150,24,2,-,91,89,97.8,183,158,20,5,-,133,129,97.0,242,189,51,2,1
"폭력범죄",체포·감금,존속체포·감금,13,13,100.0,21,12,9,-,-,20,17,85.0,37,18,19,-,-,21,22,104.8,34,20,14,-,-
"폭력범죄",체포·감금,존속체포·감금(중),-,-,-,-,-,-,-,-,-,-,-,-,-,-,-,-,1,1,100.0,1,-,1,-,-
"폭력범죄",체포·감금,존속체포·감금(특수·특수중),-,-,-,-,-,-,-,-,-,-,-,1,1,-,-,-,1,1,100.0,3,1,2,-,-
"폭력범죄",체포·감금,존속체포·감금(상습·상습중),-,-,-,-,-,-,-,-,-,-,-,-,-,-,-,-,-,-,-,-,-,-,-,-
"폭력범죄",체포·감금,존속체포·감금치사상(중·특수·상습),4,4,100.0,5,3,2,-,-,3,3,100.0,5,3,2,-,-,-,-,-,-,-,-,-,-
"폭력범죄",체포·감금,특가법(보복체포·감금등),1,1,100.0,2,2,-,-,-,3,3,100.0,5,5,-,-,-,2,2,100.0,1,1,-,-,-
"폭력범죄",체포·감금,아동학대처벌법위반(상습체포·감금),-,-,-,-,-,-,-,-,-,-,-,-,-,-,-,-,-,-,-,-,-,-,-,-
"폭력범죄",협박,소계,21022,19807,94.2,22929,19673,2855,401,-,21214,19876,93.7,23196,19808,2899,489,5,21058,19727,93.7,22482,19188,2992,302,1
"폭력범죄",협박,협박,9810,8761,89.3,10537,8640,1530,367,-,9810,8685,88.5,10655,8672,1539,444,5,9306,8210,88.2,9656,7938,1434,284,1
"폭력범죄",협박,협박(특수),10788,10630,98.5,11950,10629,1287,34,-,10951,10761,98.3,12085,10736,1306,43,-,11093,10881,98.1,12162,10661,1484,17,-
"폭력범죄",협박,협박(상습),20,19,95.0,19,15,4,-,-,24,22,91.7,23,17,6,-,-,14,13,92.9,17,12,5,-,-
"폭력범죄",협박,협박(상습특수),3,3,100.0,3,3,-,-,-,4,2,50.0,3,3,-,-,-,2,2,100.0,2,2,-,-,-
"폭력범죄",협박,존속협박,196,192,98.0,199,179,20,-,-,191,184,96.3,187,169,18,-,-,235,222,94.5,226,196,30,-,-
"폭력범죄",협박,존속협박(특수),81,81,100.0,92,80,12,-,-,92,90,97.8,99,82,17,-,-,186,182,97.8,197,169,28,-,-
"폭력범죄",협박,존속협박(상습),1,1,100.0,1,1,-,-,-,1,1,100.0,1,1,-,-,-,1,1,100.0,1,1,-,-,-
"폭력범죄",협박,존속협박(상습특수),1,1,100.0,1,1,-,-,-,-,-,-,-,-,-,-,-,-,-,-,-,-,-,-,-
"폭력범죄",협박,특가법(운전자협박),-,-,-,-,-,-,-,-,-,-,-,-,-,-,-,-,-,-,-,-,-,-,-,-
"폭력범죄",협박,특가법(보복협박등),122,119,97.5,127,125,2,-,-,141,131,92.9,143,128,13,2,-,221,216,97.7,221,209,11,1,-
"폭력범죄",협박,아동학대처벌법위반(상습협박),-,-,-,-,-,-,-,-,-,-,-,-,-,-,-,-,-,-,-,-,-,-,-,-
"폭력범죄",약취·유인,소계,250,224,89.6,366,239,122,5,-,210,186,88.6,306,211,91,4,-,240,220,91.7,322,227,93,2,-
"폭력범죄",약취·유인,약취·유인(미성년자),171,155,90.6,235,147,87,1,-,158,137,86.7,194,119,71,4,-,192,174,90.6,229,152,75,2,-
"폭력범죄",약취·유인,약취·유인(추행·간음·결혼·영리),63,56,88.9,91,70,19,2,-,40,38,95.0,71,61,10,-,-,39,38,97.4,49,42,7,-,-
"폭력범죄",약취·유인,약취·유인(노동력착취·성매매·성적착취·장기적출),9,8,88.9,10,6,4,-,-,6,5,83.3,25,19,6,-,-,6,6,100.0,41,32,9,-,-
"폭력범죄",약취·유인,인신매매,4,3,75.0,24,13,9,2,-,2,2,100.0,13,11,2,-,-,-,-,-,-,-,-,-,-
"폭력범죄",약취·유인,인신매매(추행·간음·결혼·영리),-,-,-,-,-,-,-,-,-,-,-,-,-,-,-,-,-,-,-,-,-,-,-,-
"폭력범죄",약취·유인,인신매매등(노동력착취·성매매·성적착취·장기적출),1,1,100.0,1,-,1,-,-,-,-,-,-,-,-,-,-,-,-,-,-,-,-,-,-
"폭력범죄",약취·유인,국외이송약취·유인·인신매매,1,-,-,1,-,1,-,-,-,-,-,-,-,-,-,-,-,-,-,-,-,-,-,-
"폭력범죄",약취·유인,피약취자·피유인자·피매매자(상해·치상),1,1,100.0,3,2,1,-,-,1,1,100.0,-,-,-,-,-,2,1,50.0,2,1,1,-,-
"폭력범죄",약취·유인,피약취자·피유인자·피매매자(살해·치사),-,-,-,-,-,-,-,-,-,-,-,-,-,-,-,-,-,-,-,-,-,-,-,-
"폭력범죄",약취·유인,피약취자·피유인자·피매매자(수수·은닉),-,-,-,-,-,-,-,-,-,-,-,-,-,-,-,-,-,-,-,-,-,-,-,-
"폭력범죄",약취·유인,특가법(미성년자약취·유인),-,-,-,-,-,-,-,-,-,-,-,-,-,-,-,-,-,-,-,-,-,-,-,-
"폭력범죄",약취·유인,특가법(약취·유인등),-,-,-,-,-,-,-,-,-,-,-,-,-,-,-,-,-,-,-,-,-,-,-,-
"폭력범죄",약취·유인,특가법(13세미만약취·유인등),-,-,-,-,-,-,-,-,2,2,100.0,2,1,1,-,-,1,1,100.0,1,-,1,-,-
"폭력범죄",약취·유인,아동복지법위반(아동매매),-,-,-,1,1,-,-,-,1,1,100.0,1,-,1,-,-,-,-,-,-,-,-,-,-
"폭력범죄",약취·유인,아동학대처벌법위반(상습국외이송),-,-,-,-,-,-,-,-,-,-,-,-,-,-,-,-,-,-,-,-,-,-,-,-
"폭력범죄",약취·유인,아동학대처벌법위반(상습약취·유인·인신매매),-,-,-,-,-,-,-,-,-,-,-,-,-,-,-,-,-,-,-,-,-,-,-,-
"폭력범죄",약취·유인,아동학대처벌법위반(상습피약취자·피매매자·피유인자),-,-,-,-,-,-,-,-,-,-,-,-,-,-,-,-,-,-,-,-,-,-,-,-
"폭력범죄",폭력행위등,소계,8350,7945,95.1,29664,22491,6492,681,1,7398,7073,95.6,26365,20233,5460,672,3,6484,6155,94.9,21074,16218,4509,347,1
"폭력범죄",폭력행위등,폭력행위등처벌에관한법률위반(상습),43,42,97.7,50,47,2,1,-,40,37,92.5,45,42,2,1,-,59,57,96.6,88,83,5,-,-
"폭력범죄",폭력행위등,폭력행위등처벌에관한법률위반(공동),7871,7482,95.1,28656,21631,6376,649,1,7049,6753,95.8,25492,19479,5366,647,3,6178,5878,95.1,20145,15346,4462,337,1
"폭력범죄",폭력행위등,폭력행위등처벌에관한법률위반(집단흉기등),108,104,96.3,233,181,37,15,-,81,71,87.7,229,162,48,19,-,58,52,89.7,166,140,23,3,-
"폭력범죄",폭력행위등,폭력행위등처벌에관한법률위반(상습집단흉기등),6,6,100.0,9,9,-,-,-,6,6,100.0,21,14,7,-,-,3,2,66.7,23,18,5,-,-
"폭력범죄",폭력행위등,폭력행위등처벌에관한법률위반(야간·공동),3,3,100.0,10,7,3,-,-,2,2,100.0,2,2,-,-,-,-,-,-,-,-,-,-,-
"폭력범죄",폭력행위등,폭력행위등처벌에관한법률위반(야간집단흉기등),-,-,-,-,-,-,-,-,1,1,100.0,3,3,-,-,-,-,-,-,-,-,-,-,-
"폭력범죄",폭력행위등,폭력행위등처벌에관한법률위반(단체등의구성·활동),83,81,97.6,327,325,1,1,-,75,74,98.7,325,315,7,3,-,70,67,95.7,431,429,-,2,-
"폭력범죄",폭력행위등,폭력행위등처벌에관한법률위반(단체등의[상습·공동·집단흉기등·상습집단흉기등]),76,70,92.1,181,106,60,15,-,55,46,83.6,160,134,25,1,-,-,-,-,-,-,-,-,-
"폭력범죄",폭력행위등,폭력행위등처벌에관한법률위반(단체등의[상습·공동·상습특수]),-,-,-,-,-,-,-,-,-,-,-,-,-,-,-,-,55,39,70.9,158,142,11,5,-
"폭력범죄",폭력행위등,폭력행위등처벌에관한법률위반(단체등의이용·지원),-,-,-,-,-,-,-,-,-,-,-,-,-,-,-,-,-,-,-,-,-,-,-,-
"폭력범죄",폭력행위등,폭력행위등처벌에관한법률위반(우범자),160,157,98.1,198,185,13,-,-,89,83,93.3,88,82,5,1,-,61,60,98.4,63,60,3,-,-
"폭력범죄",공갈,소계,4847,3031,62.5,5366,3134,555,1677,3,5281,2679,50.7,6028,3108,648,2272,1,5131,2362,46.0,4445,2456,480,1509,-
"폭력범죄",공갈,공갈,4612,2803,60.8,5027,2836,515,1676,1,5126,2545,49.6,5673,2817,600,2256,1,5011,2246,44.8,4160,2219,444,1497,-
"폭력범죄",공갈,공갈(상습),127,127,100.0,49,48,1,-,-,32,31,96.9,55,42,3,10,-,26,27,103.8,39,29,4,6,-
"폭력범죄",공갈,특경법(공갈),25,23,92.0,88,76,12,-,2,20,15,75.0,80,64,14,2,-,9,10,111.1,44,34,10,-,-
"폭력범죄",공갈,아동학대처벌법위반(상습공갈),-,-,-,-,-,-,-,-,-,-,-,-,-,-,-,-,-,-,-,-,-,-,-,-
"폭력범죄",공갈,특수공갈,83,78,94.0,202,174,27,1,-,103,88,85.4,220,185,31,4,-,85,79,92.9,202,174,22,6,-
"폭력범죄",손괴,소계,58146,35222,60.6,40171,32982,5815,1374,12,58191,35426,60.9,40805,33273,5905,1627,21,54188,33312,61.5,36581,30406,5789,386,9
"폭력범죄",손괴,손괴의죄,58146,35222,60.6,40171,32982,5815,1374,12,58191,35426,60.9,40805,33273,5905,1627,21,54188,33312,61.5,36581,30406,5789,386,9
"폭력범죄",손괴,아동학대처벌법위반(상습손괴),-,-,-,-,-,-,-,-,-,-,-,-,-,-,-,-,-,-,-,-,-,-,-,-
"지능범죄",소계,소계,381533,267063,70.0,418364,250497,76693,91174,948,424642,279050,65.7,439280,258624,76670,103986,928,361107,215471,59.7,283997,177437,53190,53370,471
"지능범죄",직무유기,소계,590,327,55.4,1059,616,172,271,9,730,361,49.5,1289,681,266,342,11,957,346,36.2,1149,649,161,339,8
"지능범죄",직무유기,직무유기·수행거부,590,327,55.4,1053,611,172,270,9,727,360,49.5,1287,680,266,341,11,953,345,36.2,1143,645,161,337,8
"지능범죄",직무유기,특가법(직무유기),-,-,-,6,5,-,1,-,3,1,33.3,2,1,-,1,-,4,1,25.0,6,4,-,2,-
"지능범죄",직무유기,폭력행위등처벌에관한법률위반(직무유기),-,-,-,-,-,-,-,-,-,-,-,-,-,-,-,-,-,-,-,-,-,-,-,-
"지능범죄",직권남용,소계,674,399,59.2,1436,834,140,462,-,724,409,56.5,1320,784,237,299,2,875,346,39.5,1872,741,118,1013,2
"지능범죄",직권남용,직권남용(권리행사방해·체포·감금),495,292,59.0,1102,600,119,383,-,516,285,55.2,907,549,153,205,2,625,226,36.2,1507,512,99,896,2
"지능범죄",직권남용,독직폭행·가혹행위,122,70,57.4,228,160,7,61,-,134,62,46.3,277,130,60,87,-,170,66,38.8,229,134,6,89,-
"지능범죄",직권남용,피의사실공표,4,2,50.0,5,3,-,2,-,4,2,50.0,7,6,1,-,-,9,1,11.1,7,1,-,6,-
"지능범죄",직권남용,공무상비밀누설,46,30,65.2,93,63,14,16,-,59,51,86.4,107,77,23,7,-,54,37,68.5,69,49,9,11,-
"지능범죄",직권남용,선거방해,-,-,-,-,-,-,-,-,-,-,-,-,-,-,-,-,1,1,100.0,1,1,-,-,-
"지능범죄",직권남용,특가법(체포·감금독직폭행·가혹행위),7,5,71.4,8,8,-,-,-,11,9,81.8,22,22,-,-,-,16,15,93.8,59,44,4,11,-
"지능범죄",증수뢰,소계,260,240,92.3,1040,817,128,95,6,289,259,89.6,835,695,118,22,9,402,361,89.8,681,548,104,29,5
"지능범죄",증수뢰,뇌물수수등,106,98,92.5,379,260,31,88,1,100,88,88.0,286,260,19,7,4,234,222,94.9,182,155,18,9,-
"지능범죄",증수뢰,뇌물공여등,40,36,90.0,284,257,23,4,2,36,35,97.2,171,136,33,2,-,29,22,75.9,169,142,18,9,-
"지능범죄",증수뢰,특가법(뇌물),23,23,100.0,94,82,12,-,-,31,27,87.1,89,75,12,2,-,18,16,88.9,45,42,3,-,-
"지능범죄",증수뢰,특가법(알선수재),11,10,90.9,34,33,1,-,1,18,18,100.0,43,35,7,1,3,9,9,100.0,21,19,2,-,-
"지능범죄",증수뢰,부패방지법,1,1,100.0,1,1,-,-,-,1,-,-,-,-,-,-,-,8,4,50.0,6,6,-,-,-
"지능범죄",증수뢰,부정청탁금지법,79,72,91.1,248,184,61,3,2,103,91,88.3,246,189,47,10,2,104,88,84.6,258,184,63,11,5
"지능범죄",통화,소계,980,107,10.9,857,124,26,707,-,626,63,10.1,612,75,19,518,-,376,39,10.4,233,55,4,174,-
"지능범죄",통화,통화위조·변조,606,48,7.9,513,78,8,427,-,385,32,8.3,389,47,9,333,-,258,22,8.5,146,31,1,114,-
"지능범죄",통화,특가법(통화위조),-,-,-,6,1,-,5,-,7,1,14.3,8,-,-,8,-,-,-,-,-,-,-,-,-
"지능범죄",통화,기타통화에관한죄,374,59,15.8,338,45,18,275,-,234,30,12.8,215,28,10,177,-,118,17,14.4,87,24,3,60,-
"지능범죄",문서·인장,소계,11343,9610,84.7,17788,12272,4461,1055,73,11533,9055,78.5,17863,11740,4317,1806,79,10472,7771,74.2,13040,8690,3191,1159,48
"지능범죄",문서·인장,공문서위조·변조,2312,1957,84.6,4013,2541,1156,316,12,2217,1794,80.9,3928,2319,1174,435,24,1542,1169,75.8,2334,1495,592,247,10
"지능범죄",문서·인장,공전자기록등위작·변작,49,40,81.6,114,46,60,8,-,63,58,92.1,141,86,51,4,-,78,40,51.3,123,73,39,11,1
"지능범죄",문서·인장,사문서위조·변조,7961,6875,86.4,12416,8877,3037,502,57,7604,6400,84.2,11809,8377,2844,588,51,6914,5625,81.4,8995,6270,2343,382,35
"지능범죄",문서·인장,사전자기록등위작·변작,563,370,65.7,677,387,130,160,4,1157,429,37.1,1395,546,173,676,4,1345,477,35.5,1092,480,148,464,2
"지능범죄",문서·인장,공인등의위조·부정사용및행사,283,212,74.9,284,208,11,65,-,313,222,70.9,339,241,11,87,-,442,328,74.2,288,226,10,52,-
"지능범죄",문서·인장,사인등의위조·부정사용및행사,175,156,89.1,284,213,67,4,-,179,152,84.9,251,171,64,16,-,151,132,87.4,208,146,59,3,-
"지능범죄",유가증권인지,소계,140,103,73.6,252,178,40,34,5,84,68,81.0,136,102,23,11,-,63,39,61.9,82,59,11,12,-
"지능범죄",유가증권인지,유가증권위조·변조,140,103,73.6,252,178,40,34,5,84,68,81.0,136,102,23,11,-,63,39,61.9,82,59,11,12,-
"지능범죄",유가증권인지,우표(인지)등위조·변조,-,-,-,-,-,-,-,-,-,-,-,-,-,-,-,-,-,-,-,-,-,-,-,-
"지능범죄",사기,소계,304472,225121,73.9,349329,201152,61483,86694,708,347675,237407,68.3,369317,209019,60870,99428,678,294075,180418,61.4,231204,140397,40778,50029,325
"지능범죄",사기,사기,293940,216737,73.7,328026,186547,56430,85049,606,331173,227379,68.7,338902,190237,54920,93745,599,269825,170980,63.4,203661,125221,35358,43082,277
"지능범죄",사기,사기(상습),653,600,91.9,456,400,56,-,-,1023,1008,98.5,459,396,52,11,-,456,429,94.1,264,221,39,4,-
"지능범죄",사기,준사기,119,107,89.9,211,141,59,11,1,161,141,87.6,277,196,71,10,-,145,120,82.8,224,166,50,8,-
"지능범죄",사기,준사기(상습),2,2,100.0,5,2,3,-,-,197,197,100.0,4,3,1,-,-,-,-,-,-,-,-,-,-
"지능범죄",사기,컴퓨터등사용사기,2914,1613,55.4,3550,1761,398,1391,3,7381,1988,26.9,8215,2164,583,5468,6,16652,2920,17.5,10054,2600,722,6732,4
"지능범죄",사기,편의시설부정이용,1203,948,78.8,1384,1086,201,97,14,1630,1281,78.6,1820,1494,249,77,19,1255,857,68.3,1246,992,184,70,11
"지능범죄",사기,부당이득,42,33,78.6,62,44,17,1,-,72,64,88.9,103,83,20,-,1,31,23,74.2,46,28,11,7,-
"지능범죄",사기,부당이득(상습),-,-,-,-,-,-,-,-,1,-,-,1,1,-,-,-,-,-,-,-,-,-,-,-
"지능범죄",사기,특경법(사기),2436,2001,82.1,5876,4630,1105,141,82,2572,2019,78.5,6472,5118,1253,101,43,2073,1717,82.8,4210,3276,816,118,30
"지능범죄",사기,보험사기방지특별법위반,3163,3080,97.4,9759,6541,3214,4,2,3465,3330,96.1,13064,9327,3721,16,10,3638,3372,92.7,11499,7893,3598,8,3
"지능범죄",횡령,소계,58508,27091,46.3,38010,27905,8612,1493,86,58889,27883,47.3,39182,28762,9132,1288,100,50421,23124,45.9,29808,21670,7681,457,44
"지능범죄",횡령,횡령,10651,8907,83.6,13767,10531,2954,282,32,11307,9027,79.8,13839,10622,3023,194,26,8711,6410,73.6,9606,7174,2311,121,14
"지능범죄",횡령,업무상횡령,6031,5433,90.1,9241,7215,1888,138,50,5792,5192,89.6,9452,7224,2032,196,59,4705,4081,86.7,6687,5175,1424,88,22
"지능범죄",횡령,점유이탈물등횡령,41198,12215,29.6,13633,9120,3465,1048,1,41087,13075,31.8,14381,9768,3733,880,-,36419,12119,33.3,12394,8483,3678,233,-
"지능범죄",횡령,특경법(횡령),628,536,85.4,1369,1039,305,25,3,703,589,83.8,1510,1148,344,18,15,586,514,87.7,1121,838,268,15,8
"지능범죄",배임,소계,4566,4065,89.0,8593,6599,1631,363,61,4092,3545,86.6,8726,6766,1688,272,49,3466,3027,87.3,5928,4628,1142,158,39
"지능범죄",배임,배임,1264,1102,87.2,2131,1397,590,144,19,1081,918,84.9,1788,1200,533,55,16,699,601,86.0,1017,666,340,11,4
"지능범죄",배임,업무상배임,2671,2422,90.7,4566,3626,771,169,39,2332,2052,88.0,4852,3829,873,150,27,1896,1642,86.6,3428,2700,614,114,22
"지능범죄",배임,배임수재,127,121,95.3,423,362,59,2,1,111,98,88.3,362,288,55,19,1,243,234,96.3,190,169,19,2,-
"지능범죄",배임,배임증재,38,34,89.5,158,141,17,-,1,21,19,90.5,213,167,39,7,1,129,126,97.7,110,97,13,-,1
"지능범죄",배임,특경법(배임),430,354,82.3,1214,983,183,48,1,501,424,84.6,1420,1203,178,39,4,459,386,84.1,1117,936,151,30,12
"지능범죄",배임,특경법(수재등),13,11,84.6,39,35,4,-,-,16,16,100.0,40,31,8,1,-,14,13,92.9,28,25,2,1,-
"지능범죄",배임,특경법(증재등),3,2,66.7,10,10,-,-,-,4,3,75.0,8,6,1,1,-,2,2,100.0,4,4,-,-,-
"지능범죄",배임,특경법(알선수재),20,19,95.0,52,45,7,-,-,26,15,57.7,43,42,1,-,-,24,23,95.8,34,31,3,-,-
"풍속범죄",소계,소계,21153,19279,91.1,35901,30342,4082,1477,43,22632,20514,90.6,36974,31673,3713,1588,19,23360,20139,86.2,30919,26784,2777,1358,10
"풍속범죄",성풍속범죄,소계,13145,11452,87.1,13790,12116,606,1068,39,14497,12625,87.1,15064,13143,664,1257,17,16969,13988,82.4,15913,13953,764,1196,9
"풍속범죄",성풍속범죄,간통,2,1,50.0,3,-,2,1,-,-,-,-,-,-,-,-,-,-,-,-,-,-,-,-,-
"풍속범죄",성풍속범죄,혼인빙자간음,-,1,-,-,-,-,-,-,-,-,-,-,-,-,-,-,-,-,-,-,-,-,-,-
"풍속범죄",성풍속범죄,혼인빙자간음(위계간음),-,-,-,-,-,-,-,-,1,1,100.0,1,1,-,-,-,-,-,-,-,-,-,-,-
"풍속범죄",성풍속범죄,공연음란,2960,2304,77.8,2579,2319,57,203,-,2606,2064,79.2,2271,2079,43,149,-,2518,2034,80.8,2069,1988,37,44,-
"풍속범죄",성풍속범죄,음행매개,-,-,-,-,-,-,-,-,-,-,-,-,-,-,-,-,7,6,85.7,9,5,4,-,-
"풍속범죄",성풍속범죄,음화등반포(판매임대전시제조),12,9,75.0,12,9,-,3,-,19,16,84.2,8,7,-,1,1,10,6,60.0,10,9,-,1,-
"풍속범죄",성풍속범죄,정보통신망이용촉진및정보보호등에관한법률(음란물유포),1482,1163,78.5,2044,1575,121,348,38,1409,982,69.7,1408,902,85,421,13,793,501,63.2,763,513,57,193,7
"풍속범죄",성풍속범죄,성폭력범죄의처벌등에관한특례법(카메라등이용촬영반포등),5764,5442,94.4,5558,5108,278,172,-,4881,4617,94.6,4991,4519,293,179,-,5541,4916,88.7,5051,4607,261,183,-
"풍속범죄",성풍속범죄,성폭력범죄의처벌등에관한특례법(통신매체이용음란),1437,1224,85.2,1590,1323,81,186,-,2047,1701,83.1,2296,1861,131,304,-,5067,3956,78.1,4987,4144,298,545,-
"풍속범죄",성풍속범죄,성폭력범죄의처벌등에관한특례법(성적목적다중이용장소침입),666,627,94.1,718,691,11,16,-,686,629,91.7,687,656,11,20,-,534,501,93.8,518,507,6,5,-
"풍속범죄",성풍속범죄,아동·청소년의성보호에관한법률위반(아동·청소년성착취물소지·제작·배포등),735,594,80.8,1151,999,13,139,-,2621,2412,92.0,3131,2915,57,159,3,1628,1438,88.3,1677,1546,35,96,2
"풍속범죄",성풍속범죄,풍속영업의규제에관한법률,87,87,100.0,135,92,43,-,1,76,76,100.0,112,77,34,1,-,66,65,98.5,86,67,19,-,-
"풍속범죄",성풍속범죄,성폭력범죄의처벌등에관한특례법(허위영상물편집반포등),-,-,-,-,-,-,-,-,31,23,74.2,35,22,3,10,-,259,150,57.9,229,147,15,67,-
"풍속범죄",성풍속범죄,성폭력범죄의처벌등에관한특례법(촬영물등이용협박강요등),-,-,-,-,-,-,-,-,120,104,86.7,124,104,7,13,-,546,415,76.0,514,420,32,62,-
"풍속범죄",도박범죄,소계,8008,7827,97.7,22111,18226,3476,409,4,8135,7889,97.0,21910,18530,3049,331,2,6391,6151,96.2,15006,12831,2013,162,1
"풍속범죄",도박범죄,도박,4034,3993,99.0,14892,11961,2769,162,-,3940,3881,98.5,14660,12051,2477,132,-,3269,3168,96.9,10744,9118,1540,86,-
"풍속범죄",도박범죄,도박(상습),84,82,97.6,269,242,19,8,-,34,32,94.1,176,150,25,1,-,36,33,91.7,117,95,22,-,-
"풍속범죄",도박범죄,도박개장,462,421,91.1,1803,1225,491,87,1,752,658,87.5,2027,1578,360,89,1,538,481,89.4,1725,1351,333,41,-
"풍속범죄",도박범죄,복표발매(중개·취득),-,-,-,-,-,-,-,-,1,1,100.0,1,1,-,-,-,3,3,100.0,4,4,-,-,1
"풍속범죄",도박범죄,기타도박범죄,3428,3331,97.2,5147,4798,197,152,3,3408,3317,97.3,5046,4750,187,109,1,2545,2466,96.9,2416,2263,118,35,-
"특별경제범죄",소계,소계,51400,44878,87.3,85013,59521,21014,4478,3162,47826,41802,87.4,73944,51802,17872,4270,3220,40708,34525,84.8,50953,36431,11642,2880,2454
"특별경제범죄",신용업무와경매에관한죄,소계,22323,21586,96.7,31094,24857,5473,764,53,22218,21224,95.5,30222,23915,5459,848,31,17151,16150,94.2,22483,17671,4135,677,15
"특별경제범죄",여신전문금융업법위반,소계,2167,1294,59.7,2027,1308,455,264,85,2057,1126,54.7,1682,1033,344,305,44,1880,1051,55.9,1339,886,328,125,39
"특별경제범죄",대부업의등록및금융이용자보호에관한법률,소계,1479,1309,88.5,2575,1943,370,262,17,1210,1030,85.1,2362,1607,425,330,25,672,523,77.8,1202,836,214,152,16
"특별경제범죄",유사수신행위의규제에관한법률,소계,977,711,72.8,2520,1557,915,48,55,988,829,83.9,2834,1617,1070,147,75,489,379,77.5,1487,815,662,10,34
"특별경제범죄",전자금융거래법위반,소계,8132,8151,100.2,25272,16226,8588,458,2,6402,6301,98.4,15860,10288,5252,320,13,7024,6637,94.5,9113,6461,2586,66,12
"특별경제범죄",부정수표단속법,소계,1557,991,63.6,1043,849,168,26,34,825,556,67.4,661,549,82,30,36,646,325,50.3,376,299,65,12,9
"특별경제범죄",조세범처벌법,소계,2351,1936,82.3,3760,3176,556,28,1102,2383,1994,83.7,3780,3093,657,30,1228,1809,1544,85.4,2598,2213,371,14,849
"특별경제범죄",관세법,소계,5,3,60.0,29,3,26,-,-,1,1,100.0,4,4,-,-,-,3,1,33.3,6,-,-,6,-
"특별경제범죄",외국환거래법,소계,116,103,88.8,287,197,86,4,-,94,83,88.3,302,192,104,6,-,110,102,92.7,298,205,89,4,10
"특별경제범죄",지방세법,소계,167,131,78.4,209,173,33,3,79,67,50,74.6,98,77,21,-,44,33,24,72.7,38,33,5,-,19
"특별경제범죄",저작권법,소계,7489,4415,59.0,8757,4593,1832,2332,1090,6434,3896,60.6,7654,4144,1536,1974,1114,6216,3545,57.0,6601,3836,1095,1670,1004
"특별경제범죄",특허법,소계,182,148,81.3,293,230,38,25,73,151,123,81.5,269,194,50,25,70,80,57,71.2,118,98,18,2,29
"특별경제범죄",상표법,소계,2709,2507,92.5,3496,1931,1442,123,197,2253,2109,93.6,2792,1560,1148,84,129,2301,2158,93.8,2540,1230,1280,30,78
"특별경제범죄",실용신안법,소계,9,6,66.7,11,9,2,-,6,14,11,78.6,22,19,3,-,11,25,11,44.0,25,16,9,-,2
"특별경제범죄",디자인보호법,소계,272,241,88.6,338,212,116,10,62,417,326,78.2,508,349,153,6,35,160,126,78.8,193,133,59,1,26
"특별경제범죄",컴퓨터프로그램보호법,소계,-,-,-,-,-,-,-,-,-,-,-,-,-,-,-,-,-,-,-,-,-,-,-,-
"특별경제범죄",특가법(관세),소계,4,4,100.0,19,16,3,-,-,11,11,100.0,100,69,31,-,-,5,4,80.0,18,16,2,-,-
"특별경제범죄",특가법(국고손실),소계,6,6,100.0,23,20,2,1,-,-,-,-,-,-,-,-,-,3,2,66.7,25,5,3,17,-
"특별경제범죄",특가법(조세),소계,238,184,77.3,518,475,42,1,215,231,180,77.9,501,443,55,3,203,193,151,78.2,311,284,26,1,139
"특별경제범죄",특경법(무인가단기금융업),소계,-,-,-,-,-,-,-,-,-,-,-,-,-,-,-,-,-,-,-,-,-,-,-,-
"특별경제범죄",특경법(사금융알선등),소계,16,16,100.0,26,21,5,-,-,8,8,100.0,12,10,2,-,-,7,6,85.7,8,7,1,-,-
"특별경제범죄",특경법(재산국외도피),소계,3,3,100.0,21,17,4,-,-,2,2,100.0,5,3,2,-,2,2,2,100.0,2,1,1,-,-
"특별경제범죄",기타경제범죄,소계,1198,1133,94.6,2695,1708,858,129,92,2060,1942,94.3,4276,2636,1478,162,160,1899,1727,90.9,2172,1386,693,93,173
"마약범죄",소계,소계,8038,7588,94.4,10395,7679,2491,225,12,9186,8707,94.8,12192,8707,3265,220,14,8088,7569,93.6,10607,7784,2722,101,16
"마약범죄",아편·몰핀에관한죄,소계,-,-,-,-,-,-,-,-,1,-,-,-,-,-,-,-,-,-,-,-,-,-,-,-
"마약범죄",마약류관리에관한법률(대마),소계,1098,1018,92.7,1546,1307,199,40,1,1339,1232,92.0,1943,1713,199,31,-,1408,1306,92.8,2044,1757,262,25,-
"마약범죄",마약류관리에관한법률(마약),소계,1404,1379,98.2,1483,654,814,15,7,1852,1827,98.7,1977,871,1095,11,5,1306,1269,97.2,1424,708,706,10,7
"마약범죄",마약류관리에관한법률(향정),소계,5433,5090,93.7,7254,5625,1459,170,4,5966,5623,94.3,8220,6085,1958,177,9,5359,4983,93.0,7120,5301,1753,66,9
"마약범죄",마약류불법거래방지에관한특례법,소계,102,100,98.0,110,92,18,-,-,24,21,87.5,38,25,12,1,-,8,6,75.0,9,8,1,-,-
"마약범죄",특가법(마약),소계,-,-,-,-,-,-,-,-,3,3,100.0,7,6,1,-,-,-,-,-,-,-,-,-,-
"마약범죄",특가법(향정),소계,1,1,100.0,2,1,1,-,-,1,1,100.0,7,7,-,-,-,7,5,71.4,10,10,-,-,-
"보건범죄",소계,소계,12570,12289,97.8,18503,8277,9932,294,383,14595,14121,96.8,22472,10765,11316,391,531,16936,16229,95.8,39753,22561,16852,340,363
"보건범죄",음용수에관한죄,소계,15,13,86.7,21,12,7,2,-,23,21,91.3,31,25,4,2,-,27,23,85.2,25,18,5,2,-
"보건범죄",공중위생관리법,소계,1378,1331,96.6,1489,747,736,6,16,1631,1560,95.6,1249,615,631,3,9,1106,1081,97.7,1135,612,521,2,6
"보건범죄",식품위생법,소계,5503,5423,98.5,7112,2617,4453,42,67,5161,5063,98.1,7066,2593,4420,53,86,3898,3831,98.3,6423,2611,3780,32,68
"보건범죄",의료법,소계,3358,3263,97.2,6788,2853,3730,205,144,2937,2808,95.6,6113,2525,3390,198,124,2370,2181,92.0,4162,1745,2290,127,65
"보건범죄",약사법,소계,740,711,96.1,1161,727,405,29,54,953,900,94.4,2080,1471,574,35,103,703,635,90.3,989,647,315,27,55
"보건범죄",감염병예방법,소계,-,-,-,-,-,-,-,-,2469,2394,97.0,4055,2237,1755,63,54,7439,7122,95.7,25704,16026,9532,146,28
"보건범죄",보건범죄특조법(부정식품),소계,3,2,66.7,3,1,1,1,-,1,1,100.0,2,1,1,-,-,1,1,100.0,1,-,1,-,-
"보건범죄",보건범죄특조법(부정의료업자),소계,150,143,95.3,216,121,92,3,-,106,99,93.4,157,82,66,9,-,153,148,96.7,246,147,98,1,10
"보건범죄",보건범죄특조법(부정의약품),소계,4,4,100.0,9,6,3,-,-,4,3,75.0,12,5,5,2,-,3,2,66.7,6,6,-,-,2
"보건범죄",기타보건범죄,소계,1419,1399,98.6,1704,1193,505,6,102,1310,1272,97.1,1707,1211,470,26,155,1236,1205,97.5,1062,749,310,3,129
"환경범죄",소계,소계,3877,3716,95.8,5254,4474,648,132,1612,3568,3350,93.9,4532,4067,326,139,1332,3656,3457,94.6,3951,3583,303,65,1388
"환경범죄",대기환경보전법,소계,1112,1106,99.5,1270,1198,66,6,654,1144,1141,99.7,1288,1200,83,5,548,1501,1481,98.7,1451,1338,110,3,622
"환경범죄",토양환경보전법,소계,15,15,100.0,20,15,5,-,4,16,13,81.2,26,23,3,-,8,13,13,100.0,22,21,1,-,9
"환경범죄",수질환경보전법,소계,-,-,-,-,-,-,-,-,-,-,-,-,-,-,-,-,-,-,-,-,-,-,-,-
"환경범죄",야생생물보호및관리에관한법률위반,소계,120,110,91.7,155,140,11,4,3,97,80,82.5,122,106,5,11,-,70,56,80.0,77,73,-,4,2
"환경범죄",특가법(산림),소계,1,1,100.0,1,1,-,-,-,-,-,-,-,-,-,-,-,-,-,-,-,-,-,-,-
"환경범죄",폐기물관리법,소계,1378,1258,91.3,2109,1854,157,98,454,1398,1224,87.6,2231,1934,182,115,435,1352,1216,89.9,1638,1451,139,48,471
"환경범죄",해양환경관리법,소계,411,410,99.8,496,480,15,1,190,486,483,99.4,370,363,7,-,144,262,259,98.9,291,279,11,1,100
"환경범죄",환경범죄의단속에관한특별조치법,소계,1,1,100.0,2,2,-,-,1,4,4,100.0,4,4,-,-,-,4,4,100.0,5,5,-,-,-
"환경범죄",기타환경범죄,소계,839,815,97.1,1201,784,394,23,306,423,405,95.7,491,437,46,8,197,454,428,94.3,467,416,42,9,184
"교통범죄",소계,소계,377354,367602,97.4,392429,318373,69431,4625,557,348725,339921,97.5,364682,296863,63791,4028,482,308634,300680,97.4,315843,257970,55889,1984,1091
"교통범죄",교통사고,소계,240802,231805,96.3,251581,192386,54678,4517,206,225762,217639,96.4,236355,182574,49866,3915,96,190488,183837,96.5,195004,150215,42897,1892,40
"교통범죄",교통사고,교통사고처리특례법,199529,195247,97.9,208042,156872,49376,1794,1,184957,181298,98.0,193395,147328,44564,1503,5,155597,152856,98.2,160519,121526,38280,713,1
"교통범죄",교통사고,도로교통법,14706,13541,92.1,16095,14000,1501,594,204,13262,12147,91.6,14122,12289,1310,523,90,11946,10428,87.3,11747,10277,1073,397,39
"교통범죄",교통사고,도로교통법(사고후미조치),12191,9130,74.9,12675,9372,1456,1847,-,11701,8884,75.9,12134,9077,1435,1622,1,8964,7097,79.2,8393,6580,1170,643,-
"교통범죄",교통사고,특가법(도주차량),9439,8957,94.9,9848,7862,1707,279,-,9782,9272,94.8,10397,8515,1617,265,-,8819,8324,94.4,9004,7349,1516,139,-
"교통범죄",교통사고,특가법(위험운전치사상),4937,4930,99.9,4921,4280,638,3,1,5684,5663,99.6,5916,5104,810,2,-,4584,4556,99.4,4748,4112,636,-,-
"교통범죄",교통사고,특가법(어린이보호구역치사상),-,-,-,-,-,-,-,-,376,375,99.7,391,261,130,-,-,578,576,99.7,593,371,222,-,-
"교통범죄",교통사고외,소계,136552,135797,99.4,140848,125987,14753,108,351,122963,122282,99.4,128327,114289,13925,113,386,118146,116843,98.9,120839,107755,12992,92,1051
"교통범죄",교통사고외,교통방해의죄,1336,1279,95.7,1783,1459,291,33,9,1421,1362,95.8,1873,1580,258,35,4,1433,1355,94.6,1788,1460,306,22,3
"교통범죄",교통사고외,도로교통법(공동위험행위),40,37,92.5,200,186,9,5,-,82,82,100.0,397,385,8,4,1,102,97,95.1,248,239,6,3,-
"교통범죄",교통사고외,도로교통법(무면허운전),23469,23273,99.2,25146,23117,2015,14,1,21306,21059,98.8,22974,20867,2095,12,-,18448,18181,98.6,19694,18029,1652,13,1
"교통범죄",교통사고외,도로교통법(음주운전),107381,106930,99.6,109124,97052,12042,30,-,95535,95243,99.7,98093,86912,11153,28,1,91032,90337,99.2,91801,81250,10540,11,-
"교통범죄",교통사고외,도로교통법(음주측정거부),2684,2672,99.6,2655,2402,253,-,-,2925,2896,99.0,3068,2769,298,1,-,3241,3224,99.5,3293,2954,339,-,-
"교통범죄",교통사고외,도로법,1641,1605,97.8,1938,1769,143,26,341,1694,1640,96.8,1922,1776,113,33,380,3888,3647,93.8,4012,3820,149,43,1047
"교통범죄",교통사고외,기타교통범죄,1,1,100.0,2,2,-,-,-,-,-,-,-,-,-,-,-,2,2,100.0,3,3,-,-,-
"노동범죄",소계,소계,975,932,95.6,910,706,176,28,55,356,319,89.6,651,490,135,26,46,406,383,94.3,689,511,163,15,92
"노동범죄",근로기준법,소계,22,13,59.1,25,17,6,2,1,22,14,63.6,30,22,7,1,1,14,8,57.1,13,11,1,1,2
"노동범죄",노동조합및노동관계조정법,소계,14,13,92.9,29,23,6,-,4,13,12,92.3,18,13,3,2,3,5,4,80.0,10,9,1,-,-
"노동범죄",산업안전보건법,소계,34,29,85.3,59,49,5,5,20,21,17,81.0,30,26,2,2,18,27,26,96.3,37,34,1,2,18
"노동범죄",직업안정법,소계,320,301,94.1,606,483,106,17,15,191,172,90.1,404,329,59,16,10,146,135,92.5,284,215,64,5,9
"노동범죄",기타노동범죄,소계,585,576,98.5,191,134,53,4,15,109,104,95.4,169,100,64,5,14,214,210,98.1,345,242,96,7,63
"안보범죄",소계,소계,169,156,92.3,657,506,104,47,-,216,166,76.9,951,746,151,54,3,206,150,72.8,860,702,146,12,-
"안보범죄",공안을해하는죄,소계,131,123,93.9,592,458,94,40,-,158,124,78.5,882,699,145,38,-,123,97,78.9,748,621,117,10,-
"안보범죄",국가보안법,소계,28,29,103.6,54,43,10,1,-,28,23,82.1,32,23,6,3,-,63,39,61.9,94,65,28,1,-
"안보범죄",기타안보범죄,소계,10,4,40.0,11,5,-,6,-,30,19,63.3,37,24,-,13,3,20,14,70.0,18,16,1,1,-
"선거범죄",소계,소계,611,587,96.1,1190,1019,162,9,7,829,731,88.2,1800,997,554,249,5,274,199,72.6,371,254,59,58,2
"선거범죄",공직선거법,소계,35,27,77.1,66,53,9,4,1,773,682,88.2,1402,877,334,191,2,242,177,73.1,314,209,54,51,1
"선거범죄",정당법,소계,1,1,100.0,1,1,-,-,-,4,3,75.0,5,3,2,-,-,6,4,66.7,5,4,1,-,-
"선거범죄",정치자금법,소계,23,22,95.7,75,41,34,-,-,23,22,95.7,346,87,208,51,3,12,7,58.3,33,26,-,7,1
"선거범죄",기타선거범죄,소계,552,537,97.3,1048,924,119,5,6,29,24,82.8,47,30,10,7,-,14,11,78.6,19,15,4,-,-
"병역범죄",소계,소계,12712,11742,92.4,13288,13125,162,1,5,3845,3032,78.9,4334,4317,14,3,8,1823,1365,74.9,2016,2011,2,3,15
"병역범죄",병역법,소계,6259,5806,92.8,6721,6569,151,1,5,2009,1436,71.5,2363,2350,10,3,8,1555,1075,69.1,1693,1688,2,3,15
"병역범죄",예비군법위반,소계,6452,5936,92.0,6565,6554,11,-,-,1831,1591,86.9,1966,1962,4,-,-,266,289,108.6,321,321,-,-,-
"병역범죄",기타병역범죄,소계,1,-,-,2,2,-,-,-,5,5,100.0,5,5,-,-,-,2,1,50.0,2,2,-,-,-
"기타범죄",소계,소계,240168,214965,89.5,278274,188922,71987,17365,5811,241829,211841,87.6,269654,182333,67998,19323,5351,243082,210383,86.5,240136,164883,60441,14812,4396
"기타범죄",가정폭력범죄의처벌등에관한특례법위반,소계,392,387,98.7,384,359,25,-,-,399,394,98.7,395,363,32,-,-,1085,1046,96.4,901,817,84,-,-
"기타범죄",개인정보보호법,소계,1520,1302,85.7,2670,1577,880,213,111,2003,1625,81.1,3188,1896,1017,275,138,2118,1630,77.0,2836,1818,811,207,116
"기타범죄",건설산업기본법,소계,832,790,95.0,1603,1347,232,24,400,638,588,92.2,1318,1129,163,26,433,620,566,91.3,1044,886,144,14,420
"기타범죄",건설폐기물의재활용촉진에관한법률,소계,50,45,90.0,59,54,4,1,19,45,43,95.6,63,54,8,1,20,68,61,89.7,76,71,5,-,34
"기타범죄",건축법,소계,3918,3846,98.2,5019,3623,1329,67,646,3361,3157,93.9,4207,3012,1154,41,551,2347,2275,96.9,2852,1975,858,19,362
"기타범죄",게임산업진흥에관한법률,소계,4376,4290,98.0,7371,5775,1429,167,10,3839,3772,98.3,6192,4883,1248,61,5,2739,2659,97.1,3858,3031,797,30,4
"기타범죄",경범죄처벌법,소계,7627,6882,90.2,7641,6583,724,334,1,7689,6580,85.6,7500,6248,769,483,1,7076,5888,83.2,6444,5387,786,271,-
"기타범죄",고압가스안전관리법,소계,383,337,88.0,404,361,36,7,182,150,143,95.3,177,160,11,6,88,906,902,99.6,135,126,9,-,64
"기타범죄",골재채취법,소계,54,51,94.4,74,64,9,1,41,804,803,99.9,99,96,3,-,58,36,35,97.2,49,47,2,-,27
"기타범죄",공무방해에관한죄,소계,11545,11387,98.6,13220,10802,2277,141,15,10789,10609,98.3,12653,10656,1859,138,6,9366,9164,97.8,10392,9011,1345,36,2
"기타범죄",공유수면관리및매립에관한법률위반,소계,6032,6030,100.0,251,212,36,3,24,8986,8980,99.9,244,202,40,2,17,5116,5111,99.9,201,175,23,3,24
"기타범죄",공인중개사법,소계,755,706,93.5,1345,825,505,15,6,778,740,95.1,1421,863,541,17,6,846,779,92.1,1375,816,545,14,7
"기타범죄",과실치사상의죄,소계,6614,6111,92.4,8769,6664,1947,158,44,6314,5820,92.2,8744,6596,1971,177,60,5769,5280,91.5,7673,5846,1716,111,44
"기타범죄",교육환경법,소계,703,696,99.0,752,369,382,1,-,329,323,98.2,359,182,177,-,-,297,283,95.3,336,164,172,-,-
"기타범죄",국민건강보험법,소계,412,274,66.5,471,172,197,102,7,341,229,67.2,422,165,174,83,26,274,203,74.1,282,126,126,30,1
"기타범죄",국민연금법,소계,132,124,93.9,161,141,20,-,48,88,86,97.7,112,90,22,-,21,71,65,91.5,80,73,7,-,24
"기타범죄",국토의계획및이용에관한법률,소계,1539,1509,98.1,2132,1739,361,32,244,1312,1277,97.3,1796,1507,277,12,230,1320,1266,95.9,1620,1357,252,11,197
"기타범죄",권리행사를방해하는죄,소계,11527,9610,83.4,14895,11517,3225,153,31,8829,6964,78.9,11630,9057,2388,185,20,6093,4561,74.9,7443,5848,1523,72,12
"기타범죄",낙태의죄,소계,20,18,90.0,41,20,19,2,-,27,27,100.0,58,15,41,2,-,3,2,66.7,4,1,2,1,-
"기타범죄",낚시관리및육성법위반,소계,1157,1156,99.9,218,197,21,-,3,1036,1011,97.6,161,146,14,1,3,502,501,99.8,142,131,11,-,2
"기타범죄",내수면어업법,소계,65,61,93.8,103,88,6,9,-,65,65,100.0,87,84,-,3,-,47,43,91.5,72,69,3,-,-
"기타범죄",농수산물유통및가격안정에관한법률,소계,40,40,100.0,65,45,19,1,6,28,28,100.0,42,33,8,1,7,26,25,96.2,32,24,8,-,6
"기타범죄",농수산물품질관리법,소계,7,7,100.0,7,5,2,-,3,7,7,100.0,7,7,-,-,-,1,1,100.0,1,1,-,-,-
"기타범죄",농지법,소계,702,666,94.9,1009,775,223,11,69,861,817,94.9,1677,1127,542,8,104,1346,1255,93.2,3083,1735,1335,13,130
"기타범죄",담배사업법,소계,268,263,98.1,194,111,77,6,-,104,96,92.3,123,68,50,5,-,100,96,96.0,123,77,43,3,1
"기타범죄",도시가스사업법,소계,47,43,91.5,55,45,6,4,17,50,46,92.0,69,55,10,4,24,63,55,87.3,70,58,9,3,29
"기타범죄",도시공원및녹지등에관한법률,소계,80,74,92.5,99,75,21,3,9,82,68,82.9,96,72,14,10,6,83,58,69.9,88,60,12,16,8
"기타범죄",도주와도주원조죄,소계,6,6,100.0,4,3,1,-,-,10,10,100.0,11,10,1,-,-,14,14,100.0,12,11,1,-,-
"기타범죄",독점규제및공정거래에관한법률,소계,7,2,28.6,17,11,5,1,2,9,5,55.6,17,12,3,2,4,6,4,66.7,22,14,8,-,-
"기타범죄",동물보호법,소계,-,-,-,-,-,-,-,-,-,-,-,-,-,-,-,-,1072,689,64.3,937,591,235,111,4
"기타범죄",명예에관한죄,소계,28885,23197,80.3,39793,23545,10634,5614,32,29631,22683,76.6,40919,23442,11148,6329,20,30814,22600,73.3,36400,21877,9191,5332,11
"기타범죄",무고의죄,소계,4159,3486,83.8,5756,3575,2027,154,10,4685,3936,84.0,6260,3727,2398,135,7,4133,3353,81.1,4918,2883,1876,159,3
"기타범죄",문화재보호법,소계,142,138,97.2,215,170,37,8,23,107,99,92.5,169,135,21,13,31,150,134,89.3,199,177,18,4,35
"기타범죄",밀항단속법,소계,8,6,75.0,12,9,3,-,-,3,3,100.0,29,27,2,-,-,-,-,-,5,4,1,-,-
"기타범죄",방문판매등에관한법률,소계,148,125,84.5,1090,400,645,45,18,187,176,94.1,837,425,393,19,41,56,48,85.7,230,122,86,22,12
"기타범죄",배타적경제수역의외국인어업등에관한법률,소계,98,98,100.0,127,126,-,1,-,13,13,100.0,21,21,-,-,-,57,57,100.0,60,60,-,-,-
"기타범죄",범인은닉·범인도피죄,소계,101,99,98.0,514,380,130,4,-,119,110,92.4,487,340,146,1,-,111,105,94.6,384,279,105,-,-
"기타범죄",변호사법,소계,311,262,84.2,481,418,56,7,1,292,243,83.2,460,405,41,14,7,274,202,73.7,316,290,23,3,4
"기타범죄",보안관찰법,소계,-,-,-,-,-,-,-,-,-,-,-,-,-,-,-,-,2,2,100.0,2,2,-,-,-
"기타범죄",부정경쟁방지및영업비밀보호에관한법률,소계,493,438,88.8,945,754,157,34,193,567,498,87.8,1117,868,210,39,199,416,325,78.1,723,546,140,37,97
"기타범죄",비밀침해죄,소계,120,88,73.3,142,60,51,31,-,138,95,68.8,167,83,58,26,-,121,80,66.1,137,57,57,23,-
"기타범죄",비파괴검사기술의진흥및관리에관한법률,소계,2,2,100.0,3,3,-,-,2,-,-,-,38,38,-,-,-,1,1,100.0,1,1,-,-,-
"기타범죄",사격및사격장단속법,소계,-,-,-,-,-,-,-,-,-,-,-,-,-,-,-,-,1,1,100.0,1,1,-,-,-
"기타범죄",산림법,소계,3,2,66.7,2,2,-,-,-,224,160,71.4,279,219,29,31,4,170,122,71.8,238,181,24,33,8
"기타범죄",생명윤리및안전에관한법률,소계,7,5,71.4,12,10,2,-,1,9,8,88.9,13,12,1,-,5,1,-,-,-,-,-,-,2
"기타범죄",석유및석유대체연료사업법,소계,1309,1303,99.5,1133,995,135,3,171,976,968,99.2,692,607,82,3,83,464,443,95.5,400,356,43,1,59
"기타범죄",선박안전법,소계,1109,1106,99.7,254,246,7,1,78,1937,1844,95.2,210,208,2,-,83,2090,2085,99.8,222,219,3,-,106
"기타범죄",선박직원법,소계,2201,2198,99.9,147,144,3,-,18,4322,4319,99.9,220,214,6,-,14,3814,3815,100.0,192,186,6,-,6
"기타범죄",성매매방지및피해자보호등에관한법률위반,소계,13,10,76.9,29,16,11,2,-,13,11,84.6,29,16,10,3,-,11,9,81.8,27,14,12,1,-
"기타범죄",성매매알선등행위의처벌에관한법률위반(성매매),소계,1712,1695,99.0,3874,2361,1420,93,-,1027,1009,98.2,2572,1600,904,68,-,1321,1293,97.9,2467,1807,613,47,-
"기타범죄",성매매알선등행위의처벌에관한법률위반(성매매강요등),소계,23,18,78.3,54,32,20,2,-,16,12,75.0,51,40,9,2,-,12,11,91.7,26,18,8,-,-
"기타범죄",성매매알선등행위의처벌에관한법률위반(성매매광고),소계,200,193,96.5,307,158,135,14,-,315,300,95.2,339,63,254,22,-,180,172,95.6,207,43,155,9,-
"기타범죄",성매매알선등행위의처벌에관한법률위반(성매매알선등),소계,1768,1747,98.8,5121,2858,2193,70,3,1090,1057,97.0,3480,1903,1498,79,3,787,759,96.4,2386,1356,984,46,-
"기타범죄",성매매알선등행위의처벌에관한법률위반(아동·청소년),소계,2,2,100.0,4,2,2,-,-,-,-,-,3,-,3,-,-,1,1,100.0,1,1,-,-,-
"기타범죄",성매매알선등행위의처벌에관한법률위반(기타),소계,1352,1282,94.8,3898,2117,1618,163,3,941,772,82.0,2545,1273,1054,218,1,835,799,95.7,2033,1217,773,43,1
"기타범죄",성폭력범죄의처벌등에관한특례법(기타),소계,5089,4842,95.1,5302,5176,88,38,-,5934,5655,95.3,6122,5938,131,53,-,5479,5113,93.3,5532,5236,140,156,-
"기타범죄",소방기본법,소계,17,16,94.1,20,17,2,1,-,12,12,100.0,11,9,2,-,-,31,27,87.1,28,24,3,1,-
"기타범죄",수도법,소계,124,118,95.2,136,114,18,4,15,161,157,97.5,194,167,27,-,14,150,148,98.7,174,146,27,1,28
"기타범죄",수산업법,소계,3516,3506,99.7,920,860,53,7,10,5261,5265,100.1,884,840,42,2,6,1432,1429,99.8,496,474,22,-,6
"기타범죄",신앙에관한죄,소계,342,306,89.5,928,486,384,58,2,217,159,73.3,320,219,67,34,-,248,203,81.9,338,268,54,16,-
"기타범죄",신용정보의이용및보호에관한법률,소계,33,32,97.0,86,45,35,6,9,44,40,90.9,110,60,45,5,4,26,25,96.2,51,32,13,6,4
"기타범죄",실화및업무상실화죄,소계,2304,1867,81.0,2103,1675,397,31,-,2358,1843,78.2,2108,1699,387,22,2,2250,1662,73.9,1824,1500,318,6,-
"기타범죄",스토킹처벌법,소계,-,-,-,-,-,-,-,-,-,-,-,-,-,-,-,-,1023,880,86.0,818,669,147,2,-
"기타범죄",아동·청소년의성보호에관한법률위반(강요행위등),소계,47,46,97.9,168,97,61,10,-,57,56,98.2,178,110,64,4,-,79,78,98.7,197,152,45,-,-
"기타범죄",아동·청소년의성보호에관한법률위반(매매),소계,5,3,60.0,9,7,-,2,-,12,10,83.3,14,8,2,4,-,7,6,85.7,17,17,-,-,-
"기타범죄",아동·청소년의성보호에관한법률위반(성매수등),소계,190,176,92.6,398,350,25,23,-,137,128,93.4,395,342,28,25,-,190,178,93.7,295,280,1,14,-
"기타범죄",아동·청소년의성보호에관한법률위반(알선영업행위등),소계,65,63,96.9,151,122,25,4,-,68,66,97.1,165,119,34,12,-,54,49,90.7,160,122,34,4,-
"기타범죄",아동·청소년의성보호에관한법률위반(기타),소계,353,310,87.8,434,351,39,44,1,573,508,88.7,623,541,43,39,-,437,399,91.3,664,605,37,22,1
"기타범죄",아동복지법위반(무아동복지시설의 의무위반 등),소계,-,-,-,-,-,-,-,-,-,-,-,-,-,-,-,-,2,2,100.0,1,-,1,-,-
"기타범죄",아동복지법위반(유기·학대 등),소계,2215,2157,97.4,2749,1464,1256,29,6,2637,2575,97.6,3227,1754,1443,30,5,5878,5710,97.1,6811,3695,3072,44,6
"기타범죄",아동복지법(기타),소계,3138,3074,98.0,3960,2106,1826,28,13,3448,3383,98.1,4316,2214,2074,28,11,6571,6373,97.0,7348,4017,3294,37,4
"기타범죄",아동학대처벌법위반(비밀유지의무위반 등),소계,2,2,100.0,4,3,1,-,-,1,1,100.0,1,1,-,-,-,1,1,100.0,1,1,-,-,-
"기타범죄",아동학대처벌법위반(아동복지시설 종사자 등의 아동학대 가중처벌),소계,97,95,97.9,217,43,172,2,1,98,97,99.0,173,27,145,1,1,432,399,92.4,595,79,514,2,4
"기타범죄",아동학대처벌법위반(업무수행 방해 등),소계,-,-,-,-,-,-,-,-,2,2,100.0,-,-,-,-,-,4,4,100.0,2,2,-,-,-
"기타범죄",아동학대처벌법위반(유기·학대 등),소계,33,33,100.0,54,27,27,-,-,29,28,96.6,41,16,25,-,-,31,31,100.0,54,25,29,-,-
"기타범죄",아동학대처벌법위반(처분 불이행 등),소계,42,42,100.0,48,24,24,-,-,42,36,85.7,36,26,10,-,-,98,92,93.9,76,52,24,-,-
"기타범죄",아동학대처벌법위반(피해자 등에 대한 강요행위),소계,-,-,-,-,-,-,-,-,-,-,-,-,-,-,-,-,-,-,-,-,-,-,-,-
"기타범죄",아동학대처벌법위반(기타),소계,67,61,91.0,51,18,33,-,-,52,52,100.0,51,30,21,-,-,77,70,90.9,77,44,32,1,-
"기타범죄",액화석유가스의안전및사업관리법,소계,97,96,99.0,110,101,9,-,19,105,102,97.1,142,129,10,3,20,148,142,95.9,180,162,17,1,43
"기타범죄",양곡관리법,소계,2,2,100.0,3,3,-,-,1,1,1,100.0,1,1,-,-,-,1,-,-,3,2,1,-,-
"기타범죄",여객자동차운수사업법,소계,1134,1090,96.1,1496,1388,98,10,36,855,780,91.2,1179,1035,111,33,22,379,358,94.5,584,514,68,2,20
"기타범죄",여권법,소계,26,23,88.5,53,39,13,1,-,37,33,89.2,62,55,6,1,-,8,8,100.0,9,7,1,1,-
"기타범죄",영해및접속수역법,소계,9,9,100.0,11,11,-,-,-,3,3,100.0,6,6,-,-,-,4,4,100.0,5,5,-,-,-
"기타범죄",영화및비디오물의진흥에관한법률,소계,27,27,100.0,32,30,2,-,-,11,11,100.0,17,16,1,-,-,17,17,100.0,30,15,15,-,1
"기타범죄",옥외광고물법위반,소계,216,186,86.1,325,259,30,36,53,158,121,76.6,196,147,20,29,30,139,121,87.1,150,119,19,12,23
"기타범죄",위증죄,소계,1746,1512,86.6,2403,1718,661,24,1,1540,1295,84.1,2106,1496,595,15,2,1290,1063,82.4,1582,1096,473,13,1
"기타범죄",위치정보의보호및이용등에관한법률,소계,121,114,94.2,166,123,36,7,2,142,132,93.0,182,135,39,8,2,195,178,91.3,210,168,36,6,15
"기타범죄",유기와학대의죄,소계,199,81,40.7,138,62,75,1,3,178,92,51.7,155,69,85,1,-,140,66,47.1,116,57,59,-,-
"기타범죄",유선및도선사업법,소계,3612,3606,99.8,68,61,7,-,15,246,246,100.0,40,38,2,-,6,129,129,100.0,25,24,1,-,3
"기타범죄",음반·비디오물및게임물에관한법률,소계,1,1,100.0,1,-,1,-,-,1,1,100.0,1,-,1,-,-,-,-,-,-,-,-,-,-
"기타범죄",음악산업진흥에관한법률,소계,5156,5121,99.3,8416,1805,6503,108,2,3745,3727,99.5,6090,1414,4558,118,-,4077,4026,98.7,6609,1523,5038,48,1
"기타범죄",인질강요·살해·상해,소계,1,1,100.0,1,1,-,-,-,1,1,100.0,-,-,-,-,-,2,1,50.0,2,2,-,-,-
"기타범죄",일수와수리에관한죄,소계,9,7,77.8,7,7,-,-,-,6,4,66.7,6,6,-,-,-,13,12,92.3,29,27,2,-,-
"기타범죄",자동차관리법,소계,16533,15823,95.7,18187,16201,1570,416,365,19437,18300,94.2,20995,18699,1588,708,451,23225,21803,93.9,22941,20798,1643,500,499
"기타범죄",자동차손해배상보장법,소계,4973,4814,96.8,5576,5018,542,16,4,4548,4366,96.0,5363,4829,513,21,3,3849,3695,96.0,4333,4038,282,13,4
"기타범죄",자연공원법,소계,107,102,95.3,113,94,17,2,3,133,129,97.0,163,135,19,9,3,99,86,86.9,113,97,13,3,1
"기타범죄",장물에관한죄,소계,890,860,96.6,1454,1191,231,32,3,601,574,95.5,1127,891,192,44,1,287,264,92.0,619,521,92,6,-
"기타범죄",장사등에관한법률,소계,110,104,94.5,140,131,8,1,13,95,81,85.3,139,126,10,3,3,70,61,87.1,87,83,-,4,2
"기타범죄",재난및안전관리기본법,소계,2,2,100.0,3,3,-,-,-,5,5,100.0,5,5,-,-,2,7,6,85.7,11,7,4,-,2
"기타범죄",전기통신기본법,소계,820,778,94.9,2351,1803,462,86,12,1641,1529,93.2,3869,3090,627,152,3,4567,3793,83.1,5454,3998,1024,432,28
"기타범죄",전파법,소계,970,968,99.8,91,86,5,-,-,61,62,101.6,32,31,1,-,10,1064,1061,99.7,68,59,5,4,2
"기타범죄",정보통신망이용촉진및정보보호등에관한법률위반(개인정보누설등),소계,36,23,63.9,67,48,7,12,2,34,17,50.0,41,14,7,20,3,25,14,56.0,31,13,14,4,2
"기타범죄",정보통신망이용촉진및정보보호등에관한법률위반(명예훼손),소계,7594,5621,74.0,11135,4745,3692,2698,12,9140,6381,69.8,13738,5920,4507,3311,15,11354,7644,67.3,13788,5846,4073,3869,13
"기타범죄",정보통신망이용촉진및정보보호등에관한법률위반(정보통신망침해등),소계,2469,583,23.6,2615,613,129,1873,9,2857,616,21.6,2934,550,260,2124,5,2312,464,20.1,1494,466,132,896,5
"기타범죄",정보통신망이용촉진및정보보호등에관한법률위반(기타),소계,3563,2134,59.9,4519,1946,865,1708,10,3916,2202,56.2,4713,2019,1010,1684,18,3908,2730,69.9,3621,1753,855,1013,8
"기타범죄",정신건강복지법,소계,17,16,94.1,19,12,7,-,4,10,9,90.0,16,13,3,-,3,9,6,66.7,13,10,3,-,3
"기타범죄",주거침입의죄,소계,17012,12295,72.3,15604,11875,3376,353,4,18210,13227,72.6,16479,12561,3492,426,3,18440,13197,71.6,15391,11815,3454,122,3
"기타범죄",주민등록법,소계,1696,1408,83.0,2412,1155,1030,227,12,2071,1466,70.8,3052,1326,1282,444,6,1469,1112,75.7,1945,883,930,132,8
"기타범죄",주차장법,소계,154,152,98.7,215,149,65,1,5,104,101,97.1,145,95,50,-,6,72,71,98.6,111,74,36,1,10
"기타범죄",집회및시위에관한법률,소계,223,204,91.5,509,384,104,21,1,277,232,83.8,540,374,128,38,-,297,253,85.2,549,392,108,49,-
"기타범죄",채무자회생및파산에관한법률위반,소계,78,65,83.3,116,77,34,5,1,103,88,85.4,160,96,62,2,-,64,57,89.1,118,82,33,3,-
"기타범죄",철도안전법,소계,73,73,100.0,77,73,4,-,1,117,110,94.0,134,117,8,9,-,122,113,92.6,125,112,13,-,-
"기타범죄",청소년보호법,소계,8009,7928,99.0,10134,4685,5387,62,19,7654,7556,98.7,9745,4437,5243,65,28,5009,4923,98.3,6220,3061,3137,22,11
"기타범죄",총포·도검·화약류등의안전관리에관한법률,소계,365,347,95.1,420,392,20,8,7,391,368,94.1,487,434,34,19,9,348,321,92.2,416,382,24,10,3
"기타범죄",축산물위생관리법,소계,221,219,99.1,295,217,78,-,26,124,121,97.6,160,126,34,-,12,160,154,96.2,173,119,51,3,25
"기타범죄",출입국관리법,소계,3843,3667,95.4,4715,2931,1749,35,353,2246,2125,94.6,3737,2312,1383,42,136,1121,1030,91.9,1659,1124,522,13,86
"기타범죄",통신비밀보호법,소계,221,206,93.2,333,189,128,16,-,243,218,89.7,321,177,135,9,2,248,224,90.3,316,179,131,6,20
"기타범죄",특가법(무고),소계,1,2,200.0,6,6,-,-,-,3,2,66.7,4,4,-,-,-,-,-,-,1,1,-,-,-
"기타범죄",특가법(장물),소계,-,-,-,1,1,-,-,-,1,1,100.0,2,2,-,-,-,-,-,-,-,-,-,-,-
"기타범죄",특경법(보고의무),소계,-,-,-,-,-,-,-,-,-,-,-,-,-,-,-,-,-,-,-,-,-,-,-,-
"기타범죄",폭력행위등처벌에관한법률위반(기타),소계,6,6,100.0,12,9,2,1,-,6,4,66.7,6,5,1,-,-,8,8,100.0,29,21,8,-,-
"기타범죄",하수도법,소계,66,66,100.0,81,57,23,1,25,68,67,98.5,75,61,13,1,26,60,57,95.0,70,47,21,2,18
"기타범죄",하천법,소계,213,205,96.2,245,212,31,2,9,203,199,98.0,242,209,32,1,7,1781,1774,99.6,215,185,27,3,12
"기타범죄",학원의설립·운영및과외교섭에관한법률,소계,407,403,99.0,438,159,279,-,3,380,376,98.9,444,164,278,2,-,380,370,97.4,388,106,282,-,-
"기타범죄",항만운송사업법,소계,357,357,100.0,29,28,1,-,20,96,96,100.0,15,14,1,-,9,3229,3228,100.0,59,58,1,-,20
"기타범죄",허위감정증거인멸·은닉증인은닉죄,소계,117,89,76.1,215,150,45,20,-,74,51,68.9,146,111,26,9,-,99,59,59.6,188,103,47,38,-
"기타범죄",형사소송법,소계,2,-,-,2,2,-,-,-,7,6,85.7,7,7,-,-,-,2,2,100.0,4,1,3,-,-
"기타범죄",형의실효등에관한법률,소계,12,11,91.7,18,14,3,1,-,5,4,80.0,8,8,-,-,-,8,8,100.0,14,11,2,1,-
"기타범죄",화물자동차운수사업법,소계,2295,2260,98.5,3544,3351,184,9,127,3123,3095,99.1,2178,2059,113,6,82,2996,2978,99.4,1351,1285,64,2,50
"기타범죄",기타,소계,31702,30336,95.7,28669,20382,6704,1583,2081,30088,28806,95.7,25475,18191,6122,1162,2054,30119,28879,95.9,19370,13949,4880,541,1539
