"죄종별(1)",죄종별(2),2017,2017,2017,2017,2017,2017,2017,2017,2017,2017,2017,2017,2017,2017,2017,2017,2017,2017,2017,2017,2017,2017,2017,2017,2017,2017,2017,2017,2017,2017,2017,2017,2017,2017,2017,2017,2017,2017,2017,2017,2017,2017,2017,2017,2017,2017,2017,2017,2017,2017,2017,2018,2018,2018,2018,2018,2018,2018,2018,2018,2018,2018,2018,2018,2018,2018,2018,2018,2018,2018,2018,2018,2018,2018,2018,2018,2018,2018,2018,2018,2018,2018,2018,2018,2018,2018,2018,2018,2018,2018,2018,2018,2018,2018,2018,2018,2018,2018,2018,2018,2018,2018,2019,2019,2019,2019,2019,2019,2019,2019,2019,2019,2019,2019,2019,2019,2019,2019,2019,2019,2019,2019,2019,2019,2019,2019,2019,2019,2019,2019,2019,2019,2019,2019,2019,2019,2019,2019,2019,2019,2019,2019,2019,2019,2019,2019,2019,2019,2019,2019,2019,2019,2019,2020,2020,2020,2020,2020,2020,2020,2020,2020,2020,2020,2020,2020,2020,2020,2020,2020,2020,2020,2020,2020,2020,2020,2020,2020,2020,2020,2020,2020,2020,2020,2020,2020,2020,2020,2020,2020,2020,2020,2020,2020,2020,2020,2020,2020,2020,2020,2020,2020,2020,2020,2021,2021,2021,2021,2021,2021,2021,2021,2021,2021,2021,2021,2021,2021,2021,2021,2021,2021,2021,2021,2021,2021,2021,2021,2021,2021,2021,2021,2021,2021,2021,2021,2021,2021,2021,2021,2021,2021,2021,2021,2021,2021,2021,2021,2021,2021,2021,2021,2021,2021,2021
"죄종별(1)",죄종별(2),계,자영업,자영업,자영업,자영업,자영업,자영업,자영업,자영업,자영업,자영업,자영업,자영업,자영업,자영업,자영업,자영업,자영업,피고용자,피고용자,피고용자,피고용자,피고용자,피고용자,피고용자,피고용자,피고용자,피고용자,피고용자,피고용자,피고용자,피고용자,피고용자,피고용자,전문직,전문직,전문직,전문직,전문직,전문직,전문직,전문직,공무원,기타,기타,기타,기타,기타,기타,무직자,미상,계,자영업,자영업,자영업,자영업,자영업,자영업,자영업,자영업,자영업,자영업,자영업,자영업,자영업,자영업,자영업,자영업,자영업,피고용자,피고용자,피고용자,피고용자,피고용자,피고용자,피고용자,피고용자,피고용자,피고용자,피고용자,피고용자,피고용자,피고용자,피고용자,피고용자,전문직,전문직,전문직,전문직,전문직,전문직,전문직,전문직,공무원,기타,기타,기타,기타,기타,기타,무직자,미상,계,자영업,자영업,자영업,자영업,자영업,자영업,자영업,자영업,자영업,자영업,자영업,자영업,자영업,자영업,자영업,자영업,자영업,피고용자,피고용자,피고용자,피고용자,피고용자,피고용자,피고용자,피고용자,피고용자,피고용자,피고용자,피고용자,피고용자,피고용자,피고용자,피고용자,전문직,전문직,전문직,전문직,전문직,전문직,전문직,전문직,공무원,기타,기타,기타,기타,기타,기타,무직자,미상,계,자영업,자영업,자영업,자영업,자영업,자영업,자영업,자영업,자영업,자영업,자영업,자영업,자영업,자영업,자영업,자영업,자영업,피고용자,피고용자,피고용자,피고용자,피고용자,피고용자,피고용자,피고용자,피고용자,피고용자,피고용자,피고용자,피고용자,피고용자,피고용자,피고용자,전문직,전문직,전문직,전문직,전문직,전문직,전문직,전문직,공무원,기타,기타,기타,기타,기타,기타,무직자,미상,계,자영업,자영업,자영업,자영업,자영업,자영업,자영업,자영업,자영업,자영업,자영업,자영업,자영업,자영업,자영업,자영업,자영업,피고용자,피고용자,피고용자,피고용자,피고용자,피고용자,피고용자,피고용자,피고용자,피고용자,피고용자,피고용자,피고용자,피고용자,피고용자,피고용자,전문직,전문직,전문직,전문직,전문직,전문직,전문직,전문직,공무원,기타,기타,기타,기타,기타,기타,무직자,미상
"죄종별(1)",죄종별(2),소계,소계,농.임.수산업,광업,제조업,건설업,도.소매업,무역업,요식업,숙박업,유흥업,금융업,부동산업,의료보건업,차량정비업,노점,행상,기타사업,소계,교원(사립),사무원,기술자,점원,공원,운전사,경비원,외판원,국공영기업체직원,일반회사원,금융기관직원,유흥업종사자,요식업종사자,일용노동자,기타피고용자,소계,의사,변호사,교수,종교가,언론인,예술인,기타전문직,소계,소계,학생,주부,전경.의경,공익요원,기타,소계,소계,소계,소계,농.임.수산업,광업,제조업,건설업,도.소매업,무역업,요식업,숙박업,유흥업,금융업,부동산업,의료보건업,차량정비업,노점,행상,기타사업,소계,교원(사립),사무원,기술자,점원,공원,운전사,경비원,외판원,국공영기업체직원,일반회사원,금융기관직원,유흥업종사자,요식업종사자,일용노동자,기타피고용자,소계,의사,변호사,교수,종교가,언론인,예술인,기타전문직,소계,소계,학생,주부,전경.의경,공익요원,기타,소계,소계,소계,소계,농.임.수산업,광업,제조업,건설업,도.소매업,무역업,요식업,숙박업,유흥업,금융업,부동산업,의료보건업,차량정비업,노점,행상,기타사업,소계,교원(사립),사무원,기술자,점원,공원,운전사,경비원,외판원,국공영기업체직원,일반회사원,금융기관직원,유흥업종사자,요식업종사자,일용노동자,기타피고용자,소계,의사,변호사,교수,종교가,언론인,예술인,기타전문직,소계,소계,학생,주부,전경.의경,공익요원,기타,소계,소계,소계,소계,농.임.수산업,광업,제조업,건설업,도.소매업,무역업,요식업,숙박업,유흥업,금융업,부동산업,의료보건업,차량정비업,노점,행상,기타사업,소계,교원(사립),사무원,기술자,점원,공원,운전사,경비원,외판원,국공영기업체직원,일반회사원,금융기관직원,유흥업종사자,요식업종사자,일용노동자,기타피고용자,소계,의사,변호사,교수,종교가,언론인,예술인,기타전문직,소계,소계,학생,주부,전경.의경,공익요원,기타,소계,소계,소계,소계,농.임.수산업,광업,제조업,건설업,도.소매업,무역업,요식업,숙박업,유흥업,금융업,부동산업,의료보건업,차량정비업,노점,행상,기타사업,소계,교원(사립),사무원,기술자,점원,공원,운전사,경비원,외판원,국공영기업체직원,일반회사원,금융기관직원,유흥업종사자,요식업종사자,일용노동자,기타피고용자,소계,의사,변호사,교수,종교가,언론인,예술인,기타전문직,소계,소계,학생,주부,전경.의경,공익요원,기타,소계,소계
"계",소계,327588,60987,3404,4,508,774,1339,120,5106,689,5245,133,2281,432,14,790,32,40116,76287,554,1097,448,1163,297,1139,25,1404,35,34267,269,2912,4301,2089,26287,21377,679,44,215,1241,128,1059,18011,2191,74132,15472,40628,-,-,18032,76924,15690,323924,61474,3367,2,490,688,1123,115,4765,750,4718,164,2847,452,29,746,28,41190,74866,659,1147,494,1051,295,1117,35,1303,32,35125,258,2525,4088,1719,25018,22937,697,74,207,1291,161,1137,19370,2710,57772,14588,37137,-,-,6047,76284,27881,340589,57639,3511,4,435,713,757,106,4064,721,4000,126,2364,299,14,638,13,39874,70834,581,1101,476,727,258,1108,24,1225,27,35261,298,2456,3601,1446,22245,22367,630,76,261,1281,150,1031,18938,2679,74878,14400,36754,-,-,23724,77807,34385,319658,45743,2987,4,318,578,385,95,3035,648,2471,120,2072,98,12,429,3,32488,55112,447,971,448,450,239,826,18,891,25,29381,245,1554,2622,939,16056,18188,645,76,167,1095,145,733,15327,2669,83504,13464,29856,-,-,40184,74766,39676,273150,44067,2617,3,364,481,710,72,2684,707,2567,104,2209,223,16,481,8,30821,53845,650,1000,420,572,271,649,34,718,42,27241,247,2550,2025,1194,16232,18481,484,66,180,967,171,832,15781,2555,49975,12307,24654,1,-,13013,67095,37132
"강력범죄",소계,1078,114,8,-,3,1,1,-,15,2,14,-,2,-,-,-,-,68,192,5,7,2,6,-,2,-,7,-,63,-,14,10,4,72,60,-,-,-,8,-,7,45,3,251,111,96,-,-,44,422,36,1188,135,4,-,1,1,3,-,5,6,11,-,2,3,-,3,-,96,249,9,1,3,5,1,-,-,1,-,95,-,8,16,6,104,64,1,-,-,1,1,3,58,11,235,139,91,-,-,5,433,61,1317,144,8,-,-,2,1,-,14,10,16,-,4,-,-,4,-,85,203,8,6,2,4,-,1,-,3,-,81,1,16,18,1,62,78,1,-,1,6,-,4,66,4,313,154,73,-,-,86,462,113,1343,144,5,-,-,1,1,-,9,11,11,-,5,-,-,-,-,101,219,2,1,3,2,1,4,-,9,1,105,-,11,10,4,66,72,1,-,-,11,-,6,54,14,353,149,70,-,-,134,422,119,1085,101,5,-,1,1,1,-,9,2,6,-,2,3,-,1,-,70,192,2,3,1,7,2,1,2,4,-,83,3,4,11,5,64,87,1,-,2,7,-,7,70,11,217,124,48,-,-,45,348,129
"강력범죄",살인기수,72,6,-,-,-,-,-,-,-,-,-,-,-,-,-,-,-,6,10,-,-,-,-,-,-,-,-,-,5,-,-,-,-,5,2,-,-,-,-,-,-,2,-,20,5,14,-,-,1,33,1,67,2,-,-,-,-,-,-,-,-,-,-,-,-,-,-,-,2,9,1,-,1,-,-,-,-,-,-,1,-,-,-,-,6,3,-,-,-,-,-,-,3,1,7,2,5,-,-,-,44,1,80,4,1,-,-,-,-,-,-,-,-,-,-,-,-,1,-,2,13,1,-,-,-,-,-,-,-,-,5,-,1,2,1,3,11,-,-,-,2,-,-,9,-,13,5,5,-,-,3,37,2,85,8,-,-,-,-,-,-,1,-,-,-,2,-,-,-,-,5,9,1,-,-,-,-,-,-,-,-,4,-,-,1,-,3,1,1,-,-,-,-,-,-,4,14,2,10,-,-,2,43,6,80,6,-,-,-,-,-,-,-,-,1,-,-,-,-,-,-,5,9,-,-,-,-,-,-,-,-,-,2,-,-,4,1,2,14,1,-,-,1,-,-,12,2,8,3,4,-,-,1,36,5
"강력범죄",살인미수등,63,3,-,-,-,-,-,-,1,-,-,-,-,-,-,-,-,2,8,-,-,-,1,-,-,-,1,-,2,-,-,1,-,3,2,-,-,-,-,-,-,2,-,10,1,8,-,-,1,40,-,81,5,1,-,-,-,-,-,-,1,-,-,-,1,-,-,-,2,19,-,-,-,1,-,-,-,1,-,7,-,-,2,3,5,3,-,-,-,-,-,-,3,-,14,4,10,-,-,-,36,4,69,7,-,-,-,1,-,-,1,-,1,-,-,-,-,-,-,4,12,1,-,-,1,-,-,-,-,-,3,-,-,4,-,3,1,-,-,-,-,-,-,1,-,13,2,8,-,-,3,33,3,78,2,-,-,-,-,-,-,-,-,-,-,-,-,-,-,-,2,6,-,-,-,-,-,-,-,-,-,1,-,-,1,1,3,2,-,-,-,-,-,-,2,-,22,5,9,-,-,8,33,13,63,4,-,-,1,-,-,-,-,-,-,-,-,-,-,-,-,3,8,-,-,-,-,-,-,-,-,-,6,-,-,-,-,2,3,-,-,-,-,-,-,3,-,7,2,4,-,-,1,32,9
"강력범죄",강도,142,10,-,-,-,-,1,-,1,-,2,-,-,-,-,-,-,6,24,-,-,-,1,-,-,-,-,-,5,-,1,2,1,14,3,-,-,-,-,-,-,3,1,35,19,10,-,-,6,67,2,132,10,-,-,-,-,-,-,1,-,-,-,-,-,-,-,-,9,13,-,1,-,1,-,-,-,-,-,6,-,-,-,-,5,2,-,-,-,-,-,-,2,-,33,24,9,-,-,-,71,3,164,16,-,-,-,-,-,-,-,4,2,-,-,-,-,-,-,10,5,-,-,-,-,-,-,-,-,-,1,-,1,-,-,3,5,-,-,-,-,-,-,5,1,62,54,2,-,-,6,66,9,176,11,-,-,-,1,-,-,-,-,1,-,-,-,-,-,-,9,18,-,-,-,-,-,-,-,-,-,9,-,-,-,1,8,3,-,-,-,1,-,-,2,1,84,61,6,-,-,17,55,4,99,5,-,-,-,-,-,-,-,-,1,-,-,-,-,-,-,4,13,-,-,-,-,-,-,-,-,-,3,-,-,2,1,7,2,-,-,-,-,-,-,2,-,38,35,1,-,-,2,37,4
"강력범죄",강간,72,4,-,-,-,-,-,-,-,2,1,-,-,-,-,-,-,1,17,-,-,-,1,-,-,-,1,-,6,-,-,-,1,8,4,-,-,-,1,-,1,2,1,21,13,6,-,-,2,20,5,89,12,-,-,-,-,1,-,1,2,-,-,-,-,-,-,-,8,18,-,-,-,-,-,-,-,-,-,5,-,1,1,-,11,3,-,-,-,-,-,-,3,1,28,24,3,-,-,1,25,2,96,17,4,-,-,-,-,-,2,4,1,-,-,-,-,-,-,6,8,-,-,-,1,-,-,-,-,-,4,-,-,2,-,1,4,-,-,-,1,-,-,3,-,14,7,5,-,-,2,27,26,103,19,1,-,-,-,-,-,-,8,1,-,-,-,-,-,-,9,11,-,-,-,-,-,-,-,-,-,5,-,2,-,-,4,7,-,-,-,2,-,1,4,2,28,14,4,-,-,10,27,9,78,9,1,-,-,-,-,-,1,1,-,-,1,-,-,-,-,5,15,-,-,-,-,-,-,-,1,-,4,-,1,-,1,8,10,-,-,1,-,-,3,6,-,18,13,2,-,-,3,17,9
"강력범죄",유사강간,14,2,1,-,-,-,-,-,-,-,-,-,-,-,-,-,-,1,5,-,-,-,1,-,-,-,-,-,1,-,1,1,-,1,-,-,-,-,-,-,-,-,-,6,2,3,-,-,1,1,-,21,-,-,-,-,-,-,-,-,-,-,-,-,-,-,-,-,-,1,-,-,-,-,-,-,-,-,-,1,-,-,-,-,-,3,1,-,-,-,-,-,2,-,4,4,-,-,-,-,11,2,25,1,-,-,-,-,-,-,-,-,1,-,-,-,-,-,-,-,1,-,-,-,-,-,-,-,-,-,1,-,-,-,-,-,1,-,-,-,-,-,-,1,-,11,6,-,-,-,5,8,3,43,3,-,-,-,-,-,-,-,1,-,-,-,-,-,-,-,2,10,-,-,-,-,1,-,-,3,-,2,-,1,-,-,3,1,-,-,-,-,-,-,1,-,16,9,1,-,-,6,11,2,22,3,-,-,-,-,-,-,1,-,1,-,-,-,-,-,-,1,5,-,-,-,-,-,-,-,-,-,1,-,-,1,-,3,4,-,-,-,-,-,-,4,-,6,6,-,-,-,-,2,2
"강력범죄",강제추행,487,65,2,-,2,1,-,-,11,-,10,-,2,-,-,-,-,37,108,4,7,2,2,-,1,-,5,-,34,-,12,3,2,36,42,-,-,-,5,-,5,32,1,125,62,34,-,-,29,135,11,563,78,3,-,1,1,2,-,2,2,11,-,2,1,-,2,-,51,156,8,-,2,2,-,-,-,-,-,63,-,6,10,1,64,46,-,-,-,1,1,3,41,7,110,70,36,-,-,4,124,42,658,77,1,-,-,1,1,-,7,1,11,-,2,-,-,1,-,52,140,6,6,1,2,-,-,-,3,-,58,1,13,6,-,44,53,1,-,1,2,-,4,45,3,155,65,33,-,-,57,175,55,655,81,3,-,-,-,1,-,5,1,8,-,3,-,-,-,-,60,142,1,1,3,2,-,3,-,6,1,76,-,8,5,1,35,55,-,-,-,7,-,5,43,6,149,49,25,-,-,75,151,71,570,63,1,-,-,1,1,-,5,1,3,-,1,3,-,-,-,47,131,2,2,1,7,-,1,2,2,-,64,3,3,3,2,39,48,-,-,1,4,-,4,39,9,112,52,23,-,-,37,129,78
"강력범죄",기타 강간·강제추행 등,9,-,-,-,-,-,-,-,-,-,-,-,-,-,-,-,-,-,1,1,-,-,-,-,-,-,-,-,-,-,-,-,-,-,1,-,-,-,-,-,1,-,-,2,1,1,-,-,-,3,2,9,2,-,-,-,-,-,-,-,1,-,-,-,-,-,-,-,1,1,-,-,-,1,-,-,-,-,-,-,-,-,-,-,-,1,-,-,-,-,-,-,1,-,2,2,-,-,-,-,3,-,13,1,-,-,-,-,-,-,1,-,-,-,-,-,-,-,-,-,4,-,-,-,-,-,-,-,-,-,2,-,-,2,-,-,-,-,-,-,-,-,-,-,-,5,5,-,-,-,-,3,-,14,1,-,-,-,-,-,-,-,1,-,-,-,-,-,-,-,-,2,-,-,-,-,-,-,-,-,-,1,-,-,-,-,1,-,-,-,-,-,-,-,-,-,6,3,2,-,-,1,3,2,5,-,-,-,-,-,-,-,-,-,-,-,-,-,-,-,-,-,-,-,-,-,-,-,-,-,-,-,-,-,-,-,-,-,1,-,-,-,-,-,-,1,-,4,2,2,-,-,-,-,-
"강력범죄",방화,219,24,5,-,1,-,-,-,2,-,1,-,-,-,-,-,-,15,19,-,-,-,-,-,1,-,-,-,10,-,-,3,-,5,6,-,-,-,2,-,-,4,-,32,8,20,-,-,4,123,15,226,26,-,-,-,-,-,-,1,-,-,-,-,1,-,1,-,23,32,-,-,-,-,1,-,-,-,-,12,-,1,3,2,13,3,-,-,-,-,-,-,3,2,37,9,28,-,-,-,119,7,212,21,2,-,-,-,-,-,3,1,-,-,2,-,-,2,-,11,20,-,-,1,-,-,1,-,-,-,7,-,1,2,-,8,3,-,-,-,1,-,-,2,-,40,10,20,-,-,10,113,15,189,19,1,-,-,-,-,-,3,-,1,-,-,-,-,-,-,14,21,-,-,-,-,-,1,-,-,-,7,-,-,3,1,9,3,-,-,-,1,-,-,2,1,34,6,13,-,-,15,99,12,168,11,3,-,-,-,-,-,2,-,-,-,-,-,-,1,-,5,11,-,1,-,-,2,-,-,1,-,3,-,-,1,-,3,5,-,-,-,2,-,-,3,-,24,11,12,-,-,1,95,22
"절도범죄",소계,25201,1790,170,-,10,13,39,5,149,13,79,6,62,20,2,42,9,1171,4754,19,53,23,81,46,27,1,84,3,1711,13,83,409,264,1937,957,7,-,2,46,2,57,843,44,6514,2749,2976,-,-,789,9827,1315,24100,1826,154,-,21,17,46,5,135,19,72,7,62,30,1,37,5,1215,4604,23,47,28,92,31,18,2,73,-,1739,6,90,413,243,1799,944,7,1,6,60,1,54,815,49,5279,2486,2542,-,-,251,10116,1282,26316,1715,170,-,11,15,20,4,132,32,53,5,54,23,-,30,3,1163,4208,19,36,23,68,31,19,1,70,-,1673,14,70,326,212,1646,899,6,1,9,56,4,60,763,47,6326,2538,2567,-,-,1221,11126,1995,25760,1529,184,-,15,11,10,1,96,14,38,3,60,2,-,22,1,1072,3437,8,55,31,35,22,17,2,59,2,1447,11,50,242,104,1352,715,13,-,5,33,-,38,626,46,6544,2069,2249,-,-,2226,11216,2273,24489,1469,164,-,18,7,19,2,113,29,30,1,49,16,-,29,4,988,3180,10,40,25,31,24,14,2,37,2,1300,7,22,224,171,1271,885,5,-,2,40,1,47,790,49,4628,1680,2125,-,-,823,11244,3034
"폭력범죄",소계,60162,9301,601,-,54,72,129,19,874,99,704,12,337,50,-,214,5,6131,12556,63,194,98,209,75,107,10,245,1,5783,35,489,786,345,4116,3394,39,7,17,260,10,241,2820,153,14932,5215,7541,-,-,2176,17738,2088,59167,9517,589,-,47,78,119,13,823,87,647,11,302,63,3,210,9,6516,12220,65,204,110,189,81,105,14,226,4,5797,37,436,762,346,3844,3483,48,6,22,268,19,260,2860,232,12859,5262,6988,-,-,609,17935,2921,61928,9001,556,-,41,72,81,13,677,86,541,4,268,51,4,175,4,6428,11197,50,191,110,119,65,101,10,191,3,5659,33,357,627,256,3425,3412,47,6,23,247,24,211,2854,228,15365,4925,7255,-,-,3185,18446,4279,55441,7293,582,-,32,67,27,6,520,73,314,3,200,7,-,117,1,5344,8687,63,179,105,83,64,73,5,119,3,4717,32,281,464,132,2367,2682,56,9,17,200,13,149,2238,210,15243,3800,5918,-,-,5525,16710,4616,48573,6715,540,-,38,58,91,8,450,97,239,6,251,28,1,114,-,4794,8288,67,205,94,89,77,60,12,113,2,4486,38,159,395,218,2273,2798,41,7,20,211,11,174,2334,239,10387,3736,4902,-,-,1749,14367,5779
"폭력범죄",상해,9281,1666,189,-,9,8,22,2,177,19,139,-,66,12,-,46,1,976,2022,11,29,15,37,13,21,-,31,1,786,5,132,127,78,736,546,8,-,2,49,-,28,459,22,2123,558,1198,-,-,367,2751,151,8483,1534,150,-,6,8,25,2,143,12,100,1,43,13,-,38,1,992,1849,10,23,18,23,15,17,5,32,1,744,1,95,149,67,649,514,10,-,4,51,1,32,416,41,1523,522,900,-,-,101,2747,275,8202,1434,124,-,5,6,15,1,104,15,106,2,30,6,-,48,-,972,1555,6,12,16,22,8,22,2,29,-,688,3,73,92,55,527,441,6,-,4,33,1,21,376,30,1749,478,845,-,-,426,2628,365,7404,1152,129,-,4,6,6,1,91,6,65,-,27,2,-,34,-,781,1184,10,18,22,12,9,9,-,25,2,541,3,58,96,23,356,400,10,-,4,35,1,15,335,24,1888,380,742,-,-,766,2350,406,5932,995,117,-,5,3,17,1,83,9,48,-,31,4,-,22,-,655,1074,9,23,9,17,20,6,2,14,-,495,3,45,57,31,343,349,4,-,3,31,2,21,288,19,1067,331,504,-,-,232,1935,493
"폭력범죄",폭행,35781,5665,235,-,36,26,74,14,532,58,465,9,189,24,-,132,3,3868,7751,34,131,60,122,47,70,4,161,-,3647,23,284,505,181,2482,2016,15,2,8,125,6,168,1692,92,8294,2377,4668,-,-,1249,10590,1373,35819,5831,243,-,28,32,63,9,502,61,430,6,161,36,3,137,7,4113,7770,41,141,69,131,51,71,7,145,1,3793,28,263,481,194,2354,2147,21,4,10,126,12,167,1807,128,7401,2475,4565,-,-,361,10703,1839,37763,5485,259,-,25,37,49,10,413,49,345,2,138,23,1,98,3,4033,7212,37,132,73,78,46,62,3,117,2,3743,25,231,413,127,2123,2148,20,4,12,134,9,149,1820,126,9051,2329,4771,-,-,1951,11050,2691,33022,4371,257,-,22,19,12,3,324,53,196,2,113,3,-,66,1,3300,5389,30,118,58,54,42,44,1,58,-,3029,15,187,253,75,1425,1605,26,3,5,100,3,94,1374,124,8915,1911,3792,-,-,3212,9724,2894,28624,3879,233,-,24,27,51,5,249,59,135,3,125,16,1,74,-,2877,5134,37,132,57,59,40,40,8,71,1,2847,20,84,248,133,1357,1705,24,1,11,109,4,106,1450,129,6028,1793,3254,-,-,981,8122,3627
"폭력범죄",체포·감금,338,58,3,-,-,-,1,-,1,3,4,-,4,-,-,-,-,42,59,-,-,-,1,-,-,-,-,-,29,-,5,1,-,23,24,4,1,-,3,-,-,16,2,93,35,42,-,-,16,78,24,281,55,-,-,-,-,2,-,2,-,8,-,1,3,-,-,-,39,51,-,1,-,2,-,1,-,-,-,21,-,-,2,3,21,30,1,-,-,4,-,1,24,5,54,22,30,-,-,2,74,12,304,48,3,-,-,1,-,-,3,2,2,-,3,-,-,-,-,34,47,1,-,-,-,1,1,-,1,-,12,-,2,1,7,21,19,-,-,-,4,-,-,15,2,90,25,38,-,-,27,65,33,279,42,3,-,-,3,-,-,2,-,7,-,1,-,-,-,-,26,52,8,3,-,-,1,-,-,2,-,21,-,2,4,-,11,11,-,-,-,4,-,1,6,2,76,15,26,-,-,35,70,26,283,30,-,-,-,1,-,-,-,-,1,-,-,-,-,-,-,28,49,1,1,-,-,2,1,-,-,-,22,-,1,1,-,20,34,4,2,-,3,-,2,23,7,70,28,29,-,-,13,70,23
"폭력범죄",협박,1809,269,20,-,2,6,6,-,20,1,10,1,14,-,-,3,-,186,347,4,8,1,9,1,5,-,10,-,168,2,5,25,7,102,123,3,4,2,17,-,6,91,7,433,98,251,-,-,84,560,70,2225,335,23,-,2,-,3,2,24,-,18,-,12,3,-,6,-,242,382,3,7,2,9,3,5,1,7,-,187,1,4,25,8,120,139,5,1,4,11,2,6,110,20,530,171,326,-,-,33,650,169,2834,372,17,-,2,4,4,-,25,4,11,-,17,2,1,7,-,278,457,2,9,7,4,1,6,-,6,1,234,1,9,30,14,133,161,8,-,3,21,5,9,115,31,720,191,394,-,-,135,834,259,2867,347,23,-,3,5,2,-,24,4,13,-,13,-,-,1,-,259,403,3,11,4,4,3,9,-,6,-,228,5,7,21,5,97,175,4,3,3,9,2,9,145,23,728,150,338,-,-,240,892,299,2975,384,27,-,4,2,9,1,23,5,9,-,19,3,-,1,-,281,461,7,11,7,4,3,4,1,9,-,265,4,6,23,9,108,155,2,1,3,11,2,16,120,24,614,174,321,-,-,119,938,399
"폭력범죄",약취·유인,83,9,1,-,-,-,1,-,-,-,1,-,1,-,-,-,-,5,15,-,-,-,-,-,-,-,-,-,10,-,-,1,1,3,5,-,-,-,-,-,-,5,1,14,1,10,-,-,3,36,3,86,10,-,-,-,-,-,-,1,-,1,-,-,-,-,-,-,8,14,-,-,-,1,-,-,-,-,-,11,-,-,-,-,2,7,-,-,-,3,-,-,4,2,20,5,13,-,-,2,26,7,119,7,-,-,-,-,-,-,-,1,-,-,-,-,-,-,-,6,18,-,-,-,-,-,-,-,-,-,14,-,-,1,-,3,19,4,-,2,2,-,-,11,1,17,5,9,-,-,3,36,21,89,9,-,-,-,-,-,-,-,1,-,-,1,-,-,-,-,7,6,-,-,-,-,-,-,-,-,-,5,-,1,-,-,-,6,1,-,-,-,-,-,5,1,29,7,10,-,-,12,23,15,92,10,-,-,-,-,-,-,1,-,2,-,2,-,-,-,-,5,20,1,-,-,-,-,-,-,-,-,10,-,-,1,-,8,4,1,-,-,1,-,-,2,1,22,2,12,-,-,8,23,12
"폭력범죄",폭력행위등,7622,821,54,-,2,11,17,2,71,9,51,2,27,11,-,18,-,546,1447,9,13,14,27,11,2,4,26,-,742,3,33,57,36,470,390,4,-,4,40,1,19,322,13,2889,1940,703,-,-,246,1888,174,6713,816,46,-,4,9,13,-,76,9,59,2,34,3,-,17,1,543,1222,4,19,13,12,6,5,1,27,2,605,3,50,49,43,383,341,8,-,1,33,2,30,267,16,2463,1838,565,-,-,60,1639,216,6422,691,40,-,2,5,6,2,62,12,34,-,32,18,-,9,-,469,1010,-,16,8,7,6,3,5,17,-,533,1,24,36,23,331,318,4,2,-,26,6,14,266,12,2490,1652,534,-,-,304,1580,321,5360,529,46,-,1,6,1,1,37,3,21,-,13,1,-,7,-,392,822,3,11,15,6,5,1,3,15,1,444,3,14,35,12,254,216,4,1,2,19,3,14,173,10,2118,1105,404,-,-,609,1382,283,4478,536,47,-,1,6,4,1,46,9,22,1,23,2,-,7,-,367,661,6,19,9,3,5,4,1,7,-,350,3,12,19,18,205,246,4,1,1,19,2,8,211,22,1612,1145,306,-,-,161,1064,337
"폭력범죄",공갈,479,75,1,-,-,2,-,-,9,1,5,-,2,-,-,4,-,51,84,-,1,-,2,-,2,-,4,-,34,-,9,4,4,24,25,-,-,-,5,2,1,17,2,121,63,29,-,-,29,130,42,524,73,2,-,2,3,1,-,6,1,8,1,8,1,-,-,-,40,65,1,-,-,-,-,-,-,-,-,28,-,2,3,2,29,29,1,-,-,7,2,3,16,1,126,75,45,-,-,6,178,52,534,73,2,-,-,-,2,-,4,-,8,-,3,-,-,-,-,54,64,-,1,-,1,-,-,-,4,-,33,-,1,4,1,19,32,-,-,1,3,1,2,25,3,144,82,29,-,-,33,158,60,587,71,3,-,1,2,-,-,6,-,1,-,4,-,-,-,-,54,71,-,3,1,2,-,1,-,2,-,40,3,2,5,2,10,33,-,2,-,2,3,-,26,1,151,68,30,-,-,53,162,98,462,51,2,-,-,-,-,-,2,-,3,1,3,-,-,-,-,40,57,1,2,-,-,-,-,-,2,-,34,2,1,2,-,13,39,1,-,1,7,1,4,25,6,108,68,21,-,-,19,133,68
"폭력범죄",손괴,4769,738,98,-,5,19,8,1,64,8,29,-,34,3,-,11,1,457,831,5,12,8,11,3,7,2,13,-,367,2,21,66,38,276,265,5,-,1,21,1,19,218,14,965,143,640,-,-,182,1705,251,5036,863,125,-,5,26,12,-,69,4,23,1,43,4,-,12,-,539,867,6,13,8,11,6,6,-,15,-,408,4,22,53,29,286,276,2,1,3,33,-,21,216,19,742,154,544,-,-,44,1918,351,5750,891,111,-,7,19,5,-,66,3,35,-,45,2,2,13,1,582,834,4,21,6,7,3,7,-,17,-,402,3,17,50,29,268,274,5,-,1,24,2,16,226,23,1104,163,635,-,-,306,2095,529,5833,772,121,-,1,26,6,1,36,6,11,1,28,1,-,9,-,525,760,9,15,5,5,4,9,1,11,-,409,3,10,50,15,214,236,11,-,3,31,1,16,174,25,1338,164,576,-,-,598,2107,595,5727,830,114,-,4,19,10,-,46,15,19,1,48,3,-,10,-,541,832,5,17,12,6,7,5,-,10,1,463,6,10,44,27,219,266,1,2,1,30,-,17,215,31,866,195,455,-,-,216,2082,820
"지능범죄",소계,59883,9259,327,1,139,245,261,49,718,94,304,47,720,59,5,61,8,6221,12582,50,216,64,292,67,53,1,303,11,4645,58,342,1036,529,4915,3410,82,17,37,396,16,153,2709,465,11694,2351,5042,-,-,4301,16797,5676,67938,10567,349,2,156,280,237,57,699,74,320,54,1018,86,9,70,3,7153,14122,71,278,74,265,69,79,6,355,6,5658,60,314,1104,434,5349,4233,110,30,40,404,8,208,3433,475,8849,2175,5179,-,-,1495,17437,12255,72830,10149,388,4,131,312,166,44,645,77,221,35,893,44,5,38,3,7143,13590,50,248,72,171,51,76,4,372,6,5977,91,286,1017,334,4835,4228,114,27,39,407,15,172,3454,506,12764,2236,5153,-,-,5375,17809,13784,70646,7716,269,4,77,266,66,48,502,73,159,42,723,19,5,40,-,5423,9939,39,227,110,87,57,74,1,289,9,4315,55,211,720,240,3505,3303,88,16,23,344,11,121,2700,646,15579,2462,4017,-,-,9100,17890,15573,49629,6129,223,1,100,185,123,31,291,55,103,17,667,28,1,34,1,4269,7771,75,199,87,119,45,34,2,214,6,3383,68,123,411,278,2727,2915,72,17,29,296,4,111,2386,515,7339,2319,2722,-,-,2298,13927,11033
"지능범죄",직무유기,124,5,-,-,-,-,-,-,-,-,-,-,-,-,-,-,-,5,6,1,-,-,-,-,-,-,-,3,-,-,-,-,-,2,-,-,-,-,-,-,-,-,98,6,-,-,-,-,6,-,9,163,3,1,-,-,-,-,-,-,-,-,-,-,-,-,-,-,2,16,8,1,-,-,-,-,-,-,3,2,-,-,1,-,1,5,-,-,-,-,-,-,5,121,1,-,1,-,-,-,3,14,172,2,-,-,-,-,-,-,1,-,-,-,-,-,-,-,-,1,2,-,-,-,-,-,-,-,-,-,1,-,-,-,-,1,1,1,-,-,-,-,-,-,123,29,-,-,-,-,29,2,13,266,2,-,-,-,-,-,-,-,-,-,-,-,1,-,-,-,1,6,1,-,-,-,-,-,-,-,-,1,-,-,-,-,4,3,-,-,1,-,-,-,2,181,42,-,-,-,-,42,2,30,161,5,-,-,-,-,-,-,-,-,-,-,-,1,-,-,-,4,7,5,1,-,-,-,-,-,-,-,-,-,-,-,-,1,3,-,-,1,-,-,1,1,129,10,-,3,-,-,7,1,6
"지능범죄",직권남용,81,-,-,-,-,-,-,-,-,-,-,-,-,-,-,-,-,-,10,3,1,-,-,-,-,-,-,-,3,-,-,-,-,3,10,-,-,-,1,-,-,9,55,6,-,2,-,-,4,-,-,114,4,1,-,-,-,-,-,-,-,-,-,-,-,-,-,-,3,12,3,-,-,-,-,-,-,-,-,6,-,-,-,-,3,3,-,-,1,-,-,-,2,86,4,-,2,-,-,2,1,4,140,3,1,-,-,-,-,-,-,-,-,-,-,-,-,-,-,2,6,2,-,-,-,-,-,-,-,-,3,-,-,-,-,1,3,-,-,-,-,-,1,2,105,8,-,2,-,-,6,2,13,237,4,-,-,-,-,-,-,1,-,-,-,-,-,-,-,-,3,4,2,-,-,-,-,-,-,-,2,-,-,-,-,-,-,1,-,-,-,-,1,-,-,132,24,-,-,-,-,24,2,70,118,4,-,-,-,-,-,-,-,-,-,-,-,-,-,-,-,4,-,-,-,-,-,-,-,-,-,-,-,-,-,-,-,-,2,-,1,-,-,-,-,1,93,5,-,1,-,-,4,2,12
"지능범죄",증수뢰,105,24,-,-,1,2,-,-,1,-,1,-,1,-,-,-,-,18,15,-,-,-,-,-,-,-,-,-,8,1,-,-,-,6,9,2,-,-,-,1,-,6,14,33,-,20,-,-,13,9,1,198,27,-,-,2,1,1,-,1,-,3,-,1,-,-,-,-,18,54,3,-,-,-,-,-,-,2,-,27,2,-,4,-,16,36,-,-,-,-,-,-,36,23,35,1,30,-,-,4,19,4,128,29,3,-,-,4,1,-,1,-,-,-,1,-,-,-,-,19,18,-,1,1,-,-,-,-,1,-,9,1,-,-,-,5,6,-,-,2,-,-,-,4,13,46,1,20,-,-,25,9,7,117,21,1,-,-,1,-,-,-,-,1,-,1,-,-,-,-,17,20,1,1,-,-,-,-,-,-,1,16,-,-,-,-,1,8,-,1,1,-,-,-,6,12,37,1,11,-,-,25,14,5,103,15,-,-,-,1,-,1,1,-,-,-,-,-,-,-,-,12,15,-,-,-,-,-,-,-,-,-,10,2,-,-,-,3,7,2,-,2,-,1,1,1,20,26,-,12,-,-,14,12,8
"지능범죄",통화,22,7,-,-,-,-,-,-,-,-,1,-,-,-,-,-,-,6,5,-,-,-,-,-,-,-,-,-,1,-,-,1,2,1,-,-,-,-,-,-,-,-,-,6,3,1,-,-,2,3,1,20,1,-,-,-,-,-,-,-,-,-,-,-,-,-,-,-,1,6,-,-,-,-,-,-,-,-,-,4,-,-,1,-,1,1,-,-,-,-,-,-,1,-,4,2,1,-,-,1,7,1,23,1,-,-,-,-,-,-,-,-,-,-,-,-,-,-,-,1,5,-,-,-,-,-,-,-,-,-,-,-,-,-,-,5,1,-,-,-,-,-,1,-,-,8,2,6,-,-,-,6,2,14,-,-,-,-,-,-,-,-,-,-,-,-,-,-,-,-,-,3,-,-,-,-,-,-,-,-,-,2,-,-,-,-,1,1,-,-,-,1,-,-,-,-,3,-,1,-,-,2,5,2,4,-,-,-,-,-,-,-,-,-,-,-,-,-,-,-,-,-,1,-,1,-,-,-,-,-,-,-,-,-,-,-,-,-,1,-,-,-,-,-,-,1,-,-,-,-,-,-,-,1,1
"지능범죄",문서·인장,4248,598,32,-,7,19,17,1,33,7,10,5,71,3,-,3,1,389,752,7,22,4,14,7,2,-,17,1,313,19,16,39,24,267,263,14,4,9,23,1,5,207,108,1211,556,354,-,-,301,989,327,4222,618,35,-,6,25,13,1,22,6,14,6,80,5,-,3,-,402,752,12,26,5,23,2,2,-,16,-,365,13,3,36,14,235,282,10,8,4,14,-,17,229,120,853,473,280,-,-,100,976,621,4362,627,23,-,7,21,5,1,33,3,6,5,92,3,-,1,-,427,697,8,44,-,12,2,2,1,10,2,349,27,4,24,15,197,233,4,9,7,12,2,10,189,132,1083,437,298,-,-,348,842,748,4187,471,27,1,5,19,3,2,32,5,3,4,53,2,-,4,-,311,478,11,23,1,5,3,1,-,9,1,240,13,-,30,12,129,236,14,2,3,17,1,11,188,138,1224,404,261,-,-,559,832,808,3108,444,25,-,9,11,6,1,14,4,3,1,71,2,-,2,-,295,496,7,27,8,5,3,1,-,11,1,248,21,-,17,10,137,243,9,2,7,16,2,5,202,102,640,248,202,-,-,190,612,571
"지능범죄",유가증권인지,48,9,-,-,2,-,-,-,-,-,-,-,-,-,-,-,-,7,8,-,-,-,1,-,-,-,-,-,4,-,-,-,-,3,3,-,-,-,2,-,-,1,-,7,2,1,-,-,4,17,4,47,9,-,-,-,-,-,1,-,-,1,-,-,-,-,-,-,7,3,-,-,-,-,-,-,-,-,-,1,-,-,-,1,1,2,1,-,-,1,-,-,-,-,4,1,2,-,-,1,21,8,38,6,-,-,-,-,-,-,-,-,-,-,-,-,-,-,-,6,5,-,-,-,-,-,-,-,-,-,4,-,-,-,-,1,4,-,-,-,1,-,-,3,-,3,-,1,-,-,2,10,10,22,2,-,-,-,-,-,-,-,-,-,-,-,-,-,-,-,2,2,-,-,-,-,-,-,-,-,-,1,-,-,-,-,1,1,-,-,-,-,-,-,1,-,3,-,1,-,-,2,8,6,11,1,-,-,-,-,-,-,-,-,-,-,1,-,-,-,-,-,-,-,-,-,-,-,-,-,-,-,-,-,-,-,-,-,1,-,-,-,-,-,-,1,-,-,-,-,-,-,-,4,5
"지능범죄",사기,46374,7238,239,1,105,195,212,43,594,67,271,34,570,42,5,47,7,4806,9736,29,137,42,231,50,37,-,250,4,3549,20,305,842,420,3820,2691,54,5,12,337,12,118,2153,128,8547,1362,3824,-,-,3361,13437,4597,53319,8360,247,1,120,219,194,48,588,47,269,33,807,62,9,45,2,5669,11054,31,180,58,191,59,61,6,294,2,4320,20,294,935,340,4263,3374,84,17,18,350,7,163,2735,83,6440,1270,3994,-,-,1176,13840,10168,57952,8125,296,4,98,253,134,40,538,59,187,24,701,32,4,31,3,5721,10928,33,155,60,133,48,63,1,320,4,4722,33,261,877,275,3943,3564,99,10,23,358,9,132,2933,94,9592,1413,4024,-,-,4155,14349,11300,55328,6073,197,3,63,213,51,41,390,60,138,36,565,14,5,23,-,4274,7781,19,142,98,64,46,56,1,241,2,3308,30,200,588,198,2788,2632,63,8,11,300,4,82,2164,111,11584,1658,2983,-,-,6943,14340,12807,37534,4594,160,1,72,151,92,23,223,45,88,8,499,19,1,20,1,3191,5627,39,112,67,86,36,20,1,180,1,2362,30,117,314,221,2041,2226,53,10,14,261,-,76,1812,107,5309,1743,1935,-,-,1631,10876,8795
"지능범죄",횡령,7517,1094,40,-,18,22,25,5,74,19,18,3,54,14,-,10,-,792,1774,7,47,15,46,10,10,1,30,3,646,13,20,138,76,712,376,11,6,12,29,2,30,286,52,1595,425,692,-,-,478,2038,588,8303,1232,59,-,14,22,25,7,72,18,28,8,96,18,-,21,1,843,1889,9,63,10,47,6,14,-,39,-,773,17,14,119,73,705,430,12,4,15,30,1,23,345,30,1337,426,740,-,-,171,2221,1164,8401,1059,51,-,18,19,16,2,54,12,26,1,73,7,1,5,-,774,1666,5,42,11,24,1,11,2,32,-,725,20,21,107,38,627,353,7,6,4,27,4,26,279,33,1711,379,706,-,-,626,2284,1295,8825,882,39,-,7,22,9,4,67,8,12,1,57,1,-,13,-,642,1439,4,48,11,15,7,16,-,34,3,621,6,11,97,27,539,367,10,2,6,23,4,24,298,37,2245,395,662,-,-,1188,2414,1441,7466,859,31,-,14,17,20,2,46,6,12,7,60,4,-,12,-,628,1423,19,46,10,28,6,12,-,20,-,650,6,6,77,42,501,370,7,3,4,17,1,23,315,43,1191,327,486,-,-,378,2211,1369
"지능범죄",배임,1364,284,16,-,6,7,7,-,16,1,3,5,24,-,-,1,-,198,276,3,9,3,-,-,4,-,6,-,121,5,1,16,7,101,58,1,2,4,4,-,-,47,10,283,3,148,-,-,132,304,149,1552,313,6,1,14,13,4,-,16,3,5,7,34,1,-,1,-,208,336,5,8,1,4,2,2,-,4,1,160,8,3,8,6,124,100,3,1,2,9,-,5,80,12,171,2,129,-,-,40,349,271,1614,297,14,-,8,15,10,1,18,3,2,5,26,2,-,1,-,192,263,2,6,-,2,-,-,-,9,-,164,10,-,9,6,55,63,3,2,3,9,-,2,44,6,284,4,96,-,-,184,305,396,1650,261,5,-,2,11,3,1,12,-,5,1,47,1,-,-,-,173,206,1,13,-,3,1,1,-,5,-,126,6,-,5,3,42,54,1,3,1,3,1,4,41,35,417,4,98,-,-,315,273,404,1124,207,7,-,5,5,5,4,7,-,-,1,36,2,-,-,-,135,202,5,12,2,-,-,1,1,3,4,113,9,-,3,5,44,62,1,1,1,2,-,5,52,21,158,1,83,-,-,74,208,266
"풍속범죄",소계,4522,641,39,-,2,2,6,1,108,13,54,1,8,2,-,4,-,401,714,1,4,1,10,4,14,-,11,-,170,-,22,126,50,301,70,-,-,-,15,-,1,54,1,1046,101,809,-,-,136,1889,161,4064,578,27,-,3,3,5,-,100,9,43,-,9,2,-,8,1,368,647,1,2,3,4,-,9,-,20,-,154,1,30,76,40,307,77,1,-,1,6,-,11,58,5,896,108,750,-,-,38,1668,193,4001,566,31,-,1,5,5,1,74,13,37,-,8,-,1,-,-,390,629,1,3,3,4,2,10,-,13,-,164,-,33,77,24,295,86,1,-,-,9,2,3,71,4,970,111,697,-,-,162,1459,287,3593,518,29,-,2,2,5,-,69,8,31,-,6,-,-,1,-,365,461,1,5,-,4,5,9,-,10,-,145,3,12,63,17,187,63,-,-,-,8,-,-,55,-,887,131,447,-,-,309,1386,278,2720,339,23,-,-,1,1,-,55,8,19,-,6,-,-,3,-,223,380,3,5,2,3,3,3,-,4,-,137,1,7,34,20,158,92,-,-,1,3,-,8,80,6,544,197,269,-,-,78,1058,301
"풍속범죄",성풍속범죄,547,70,1,-,-,-,2,-,1,5,5,-,-,1,-,-,-,55,110,1,2,1,6,1,-,-,2,-,48,-,10,6,1,32,14,-,-,-,2,-,1,11,-,163,95,29,-,-,39,159,31,604,86,-,-,1,-,-,-,1,4,11,-,3,-,-,-,-,66,139,1,2,-,1,-,-,-,-,-,45,1,14,5,-,70,30,1,-,1,1,-,6,21,5,155,107,33,-,-,15,141,48,564,55,-,-,-,-,-,1,2,2,6,-,-,-,-,-,-,44,104,-,1,1,1,-,-,-,3,-,53,-,18,1,2,24,41,1,-,-,1,2,2,35,4,149,103,21,-,-,25,136,75,589,54,-,-,-,-,-,-,1,3,6,-,2,-,-,-,-,42,78,-,3,-,-,-,1,-,3,-,43,2,3,2,-,21,20,-,-,-,-,-,-,20,-,208,127,17,-,-,64,159,70,737,47,1,-,-,-,-,-,5,2,2,-,3,-,-,-,-,34,104,3,1,-,2,-,-,-,-,-,67,1,-,1,1,28,54,-,-,1,1,-,8,44,5,251,195,27,-,-,29,175,101
"풍속범죄",도박범죄,3975,571,38,-,2,2,4,1,107,8,49,1,8,1,-,4,-,346,604,-,2,-,4,3,14,-,9,-,122,-,12,120,49,269,56,-,-,-,13,-,-,43,1,883,6,780,-,-,97,1730,130,3460,492,27,-,2,3,5,-,99,5,32,-,6,2,-,8,1,302,508,-,-,3,3,-,9,-,20,-,109,-,16,71,40,237,47,-,-,-,5,-,5,37,-,741,1,717,-,-,23,1527,145,3437,511,31,-,1,5,5,-,72,11,31,-,8,-,1,-,-,346,525,1,2,2,3,2,10,-,10,-,111,-,15,76,22,271,45,-,-,-,8,-,1,36,-,821,8,676,-,-,137,1323,212,3004,464,29,-,2,2,5,-,68,5,25,-,4,-,-,1,-,323,383,1,2,-,4,5,8,-,7,-,102,1,9,61,17,166,43,-,-,-,8,-,-,35,-,679,4,430,-,-,245,1227,208,1983,292,22,-,-,1,1,-,50,6,17,-,3,-,-,3,-,189,276,-,4,2,1,3,3,-,4,-,70,-,7,33,19,130,38,-,-,-,2,-,-,36,1,293,2,242,-,-,49,883,200
"특별경제범죄",소계,16682,4057,98,-,64,39,169,9,239,16,392,25,78,8,1,62,4,2853,3532,14,67,15,79,16,15,3,88,1,1638,22,66,255,91,1162,996,16,1,14,64,10,69,822,38,2960,425,1520,-,-,1015,3866,1233,18361,4524,140,-,46,24,159,9,254,30,299,37,87,31,-,35,1,3372,4137,23,70,23,70,16,15,3,111,5,1986,16,45,288,81,1385,1358,9,1,17,56,13,72,1190,76,2194,277,1566,-,-,351,4102,1970,20694,4676,148,-,41,27,112,7,244,25,257,40,120,12,-,40,-,3603,4262,27,88,24,59,24,22,1,126,4,2175,21,44,296,70,1281,1479,12,1,20,70,7,60,1309,63,3448,317,1526,-,-,1605,4291,2475,17472,3121,88,-,22,32,63,11,125,14,105,43,77,5,-,34,-,2502,2657,17,48,15,28,13,11,3,70,2,1507,18,17,159,38,711,985,10,10,13,49,9,53,841,50,4122,338,1154,-,-,2630,3838,2699,11406,2954,81,-,37,24,161,6,63,22,35,15,67,4,2,39,1,2397,1866,12,36,8,23,14,7,2,33,6,1009,13,16,62,48,577,631,8,3,27,28,1,30,534,41,1617,227,719,-,-,671,2483,1814
"마약범죄",소계,2064,345,205,-,-,-,3,-,12,2,28,-,3,2,-,4,-,86,292,1,1,3,5,2,3,-,6,-,76,1,64,21,8,101,109,9,-,-,8,-,14,78,1,223,32,141,-,-,50,991,103,1993,349,196,-,-,-,2,-,14,7,18,-,7,3,-,-,-,102,266,1,5,-,1,9,1,-,4,-,74,-,63,15,8,85,156,13,-,-,8,-,14,121,9,219,39,150,-,-,30,902,92,2461,320,156,-,1,1,5,-,13,5,23,-,3,2,-,3,-,108,335,-,2,2,5,8,-,-,3,-,116,-,72,10,22,95,175,14,1,-,11,1,25,123,3,303,64,138,-,-,101,1176,149,3227,371,224,-,-,-,-,-,11,1,12,-,6,-,-,-,-,117,369,1,11,1,1,6,1,-,8,-,153,-,65,9,9,104,210,25,1,-,14,-,19,151,4,565,109,200,-,-,256,1477,231,2679,297,128,-,1,-,2,-,6,4,18,-,3,3,-,1,-,131,337,1,1,2,2,10,3,-,2,-,102,-,73,14,14,113,196,21,-,1,11,-,29,134,3,327,128,127,-,-,72,1297,222
"보건범죄",소계,9545,4189,82,-,17,2,144,8,667,54,438,-,2,117,-,109,-,2549,1659,3,27,24,17,1,-,-,74,-,240,1,287,112,13,860,1352,216,-,2,11,-,13,1110,8,1162,36,348,-,-,778,1031,144,9262,4316,62,-,10,-,83,6,662,82,443,-,4,53,-,141,2,2768,1334,1,9,25,16,2,-,-,15,-,163,-,190,69,13,831,1541,181,-,2,6,-,19,1333,227,504,36,221,-,-,247,1022,318,9795,4031,71,-,11,2,66,7,516,54,319,1,9,39,-,123,1,2812,1401,-,7,38,10,2,-,-,14,-,189,-,203,53,8,877,1350,138,-,-,3,-,26,1183,7,1523,37,238,-,-,1248,1104,379,11148,3680,42,-,8,2,27,4,383,77,315,2,12,13,1,80,-,2714,1386,2,13,25,5,-,-,-,13,1,230,1,297,27,6,766,1449,141,2,4,27,-,14,1261,32,2801,117,255,-,-,2429,1298,502,16639,5132,71,-,13,3,48,2,646,55,644,1,13,49,-,98,-,3489,3609,1,31,32,21,5,2,-,13,-,632,3,1420,95,22,1332,1269,106,3,6,26,-,49,1079,14,1792,312,466,-,-,1014,3299,1524
"환경범죄",소계,464,236,29,1,18,9,-,-,2,-,20,-,1,1,-,-,-,155,73,1,1,1,-,-,1,-,1,-,17,-,32,1,-,18,13,3,-,1,-,-,-,9,3,68,1,21,-,-,46,55,16,436,267,27,-,36,11,7,-,3,-,27,-,1,1,1,-,-,153,87,-,-,-,-,-,-,-,-,-,18,-,54,-,1,14,5,2,-,-,-,-,2,1,-,26,3,15,-,-,8,29,22,644,258,20,-,22,15,1,-,3,-,46,-,1,2,-,-,-,148,181,-,-,-,-,-,-,1,1,-,17,-,100,1,-,61,10,2,-,-,3,-,1,4,2,89,4,12,-,-,73,72,32,318,117,14,-,7,8,2,-,2,-,-,-,1,-,-,-,-,83,23,-,1,-,-,-,1,-,1,-,17,-,-,1,-,2,7,1,-,-,2,-,-,4,3,118,-,15,-,-,103,19,31,302,208,18,-,32,8,1,-,-,-,-,-,1,-,2,-,-,146,17,-,-,-,-,-,-,-,-,-,12,-,-,-,-,5,4,1,-,-,-,-,-,3,-,33,-,6,-,-,27,16,24
"교통범죄",소계,74215,10741,1022,1,49,68,189,11,972,43,121,31,390,80,2,100,2,7660,25501,245,340,146,114,33,820,4,373,8,15592,91,48,834,432,6421,6925,107,10,78,205,23,306,6196,1076,19870,1227,15748,-,-,2895,8656,1446,68451,9830,969,-,25,38,118,9,702,36,90,34,404,88,2,74,4,7237,23537,282,268,151,88,36,806,7,316,9,15280,88,42,651,317,5196,6439,108,7,57,199,15,254,5799,1150,16514,1024,14170,-,-,1320,8141,2840,69293,9391,1047,-,43,64,95,9,635,23,84,27,304,68,-,78,1,6913,22444,272,291,126,63,39,782,5,254,10,15003,91,28,632,342,4506,6152,87,18,85,204,12,247,5499,1221,18762,1131,13795,-,-,3836,7876,3447,63638,8089,870,-,49,49,53,2,535,20,62,13,296,20,1,42,-,6077,18818,227,256,99,35,38,572,1,197,4,13165,80,27,495,273,3349,4971,88,12,54,172,21,169,4455,1087,18847,1360,11185,-,-,6302,7762,4064,55815,7495,751,1,36,41,69,6,446,26,38,17,270,39,2,47,-,5706,18291,265,253,91,43,49,459,5,176,8,11798,71,28,452,254,4339,5329,68,11,41,118,16,195,4880,942,12582,1301,8717,1,-,2563,6848,4328
"노동범죄",소계,2047,187,20,-,7,5,2,-,8,3,21,-,2,3,-,-,-,116,768,1,13,4,8,13,2,-,7,-,383,1,10,37,53,236,76,-,-,-,-,-,2,74,-,318,4,240,-,-,74,568,130,785,124,11,-,7,-,1,-,16,3,11,-,-,2,-,-,-,73,254,-,5,4,1,17,-,-,2,-,100,-,12,17,29,67,24,-,-,-,-,-,1,23,1,100,2,80,-,-,18,222,60,168,60,4,-,1,-,-,-,3,-,10,-,-,1,-,-,-,41,39,-,3,-,-,-,-,-,1,-,12,-,9,2,1,11,8,-,1,1,1,-,-,5,5,22,1,5,-,-,16,24,10,133,28,4,-,1,-,-,-,1,-,2,-,-,-,-,-,-,20,35,-,-,1,-,-,-,-,-,-,17,-,3,3,-,11,3,-,1,-,1,-,-,1,-,33,-,3,-,-,30,20,14,162,49,1,-,-,-,-,-,5,1,5,-,-,-,-,-,-,37,59,1,2,-,-,-,1,-,-,1,26,-,6,3,-,19,9,1,-,-,-,-,-,8,-,22,1,2,-,-,19,15,8
"안보범죄",소계,47,2,-,-,-,-,-,-,-,-,-,-,-,-,-,-,-,2,6,-,-,-,-,-,-,-,-,-,4,-,-,-,-,2,1,-,-,-,1,-,-,-,-,11,-,1,-,-,10,24,3,30,3,-,-,-,-,-,-,-,-,-,-,-,-,-,-,-,3,1,-,-,-,-,-,-,-,-,-,-,-,-,-,1,-,2,-,-,-,-,1,-,1,-,6,-,2,-,-,4,11,7,99,4,-,-,-,-,-,1,-,-,-,-,-,-,-,-,-,3,20,-,-,-,-,-,-,-,-,-,13,-,1,-,-,6,1,-,-,-,-,-,-,1,1,11,1,1,-,-,9,41,21,103,6,-,-,-,-,-,-,-,-,-,-,-,-,-,-,-,6,15,-,2,-,-,-,-,-,-,-,4,-,1,1,-,7,8,-,-,-,-,1,-,7,-,10,-,-,-,-,10,45,19,138,13,-,-,-,-,-,-,-,-,3,-,-,1,-,-,-,9,16,-,-,-,-,-,-,-,1,-,9,-,-,-,-,6,12,-,1,-,-,10,-,1,-,17,-,2,-,-,15,35,45
"선거범죄",소계,182,15,3,-,-,1,2,-,-,-,2,-,3,-,-,-,-,4,27,-,2,-,-,-,-,-,-,-,11,-,-,2,2,10,27,-,-,-,2,1,5,19,8,37,2,17,-,-,18,34,34,773,148,26,-,1,1,-,-,16,1,-,-,8,-,-,1,-,94,94,1,5,1,-,-,2,-,5,1,44,2,-,4,4,25,78,1,3,4,2,13,4,51,50,191,7,168,-,-,16,170,42,162,53,39,-,-,-,-,-,-,-,-,1,-,-,-,-,-,13,20,-,-,-,-,-,-,-,-,-,13,7,-,-,-,-,7,-,1,-,1,-,1,4,5,57,-,19,-,-,38,18,2,549,173,5,-,1,-,1,-,2,1,1,-,-,-,-,-,-,162,26,-,1,-,-,-,-,-,-,-,12,-,-,-,1,12,38,3,1,2,1,1,-,30,13,186,24,44,-,-,118,61,52,58,1,-,-,-,-,-,-,-,-,-,-,-,-,-,-,-,1,13,-,-,-,1,-,-,-,-,-,8,-,-,2,-,2,6,1,-,-,-,1,-,4,13,5,-,3,-,-,2,15,5
"병역범죄",소계,168,20,-,-,-,-,1,-,1,-,-,-,-,-,-,-,-,18,45,-,-,-,-,-,-,-,-,-,21,-,-,8,2,14,7,-,-,-,-,-,-,7,-,64,5,44,-,-,15,31,1,183,30,2,-,-,-,-,-,6,-,1,-,1,1,-,-,-,19,45,-,1,-,3,-,-,-,-,-,19,-,-,3,2,17,12,-,-,-,-,-,1,11,1,50,5,39,-,-,6,27,18,161,25,3,-,-,-,-,1,2,-,2,-,-,1,-,-,-,16,38,-,-,-,1,-,-,-,1,-,21,-,-,3,-,12,9,-,-,-,1,-,1,7,-,51,2,35,-,-,14,24,14,12,1,-,-,-,-,-,-,-,-,-,-,-,-,-,-,-,1,2,-,-,-,-,-,-,-,-,-,-,-,-,1,1,-,-,-,-,-,-,-,-,-,-,3,-,2,-,-,1,2,4,1,1,-,-,1,-,-,-,-,-,-,-,-,-,-,-,-,-,-,-,-,-,-,-,-,-,-,-,-,-,-,-,-,-,-,-,-,-,-,-,-,-,-,-,-,-,-,-,-,-,-
"기타범죄",소계,71328,20090,800,1,145,317,393,18,1341,350,3068,11,673,90,4,194,4,12681,13586,151,172,67,342,40,95,6,205,11,3913,47,1455,664,296,6122,3980,200,9,64,225,66,191,3225,391,14982,3213,6084,-,-,5685,14995,3304,67193,19260,811,-,137,235,343,16,1330,396,2736,21,942,89,13,167,3,12021,13269,182,252,72,317,33,82,3,175,7,3998,48,1241,670,194,5995,4521,216,26,58,281,90,234,3616,424,9850,3025,5176,-,-,1649,14069,5800,70720,17246,870,-,132,198,205,19,1106,396,2391,13,700,56,4,147,1,11008,12267,154,226,76,223,36,97,2,176,4,4148,40,1237,539,176,5133,4473,208,20,83,262,85,220,3595,583,14874,2879,5240,-,-,6755,13879,7398,66275,12957,671,-,104,140,130,23,780,356,1421,14,686,32,5,93,1,8501,9038,87,172,58,170,33,64,6,116,3,3547,45,579,427,114,3617,3682,219,24,49,233,89,164,2904,564,18213,2905,4297,-,-,11011,12620,9201,59454,13164,612,1,87,153,194,17,600,408,1427,47,880,52,8,115,2,8561,9826,213,225,78,233,42,65,9,121,17,4256,43,692,322,164,3346,4248,159,24,51,227,127,182,3478,722,10465,2282,4546,-,-,3637,12143,8886
